1,"Ahmed Hassan    ",20
2,"Amr Magdy     ",21
3,"Mona Saleh     ",22
4,"Ahmed Mohamed   ",23
5,"Khalid Moahmed   ",24
6,"Heba Farouk    ",25
7,"Ali Hussien   ",25
8,"Mohamed Fars      ",28
9,"Saly Ahmed     ",24
10,"Fady Ali       ",24
11,"Marwa Ahmed     ",24
12,"Noha Omar      ",21
13,NULL,NULL
14,NULL,30
3000,"jane smith     ",NULL
3001,"jane smith     ",NULL
3002,"jane smith     ",NULL
3003,"jane smith     ",NULL
3004,"jane smith     ",NULL
3005,"jane smith     ",NULL
3006,"jane smith     ",NULL
3007,"jane smith     ",NULL
3008,"jane smith     ",NULL
3009,"jane smith     ",NULL
3010,"jane smith     ",NULL
3011,"jane smith     ",NULL
3012,"jane smith     ",NULL
3013,"jane smith     ",NULL
3014,"jane smith     ",NULL
3016,"jane smith     ",NULL
3017,"jane smith     ",NULL
3018,"jane smith     ",NULL
3019,"jane smith     ",NULL
3020,"jane smith     ",NULL
3021,"jane smith     ",NULL
3022,"jane smith     ",NULL
3023,"jane smith     ",NULL
3024,"jane smith     ",NULL
3025,"jane smith     ",NULL
3026,"jane smith     ",NULL
3027,"jane smith     ",NULL
3028,"jane smith     ",NULL
3029,"jane smith     ",NULL
3030,"jane smith     ",NULL
3031,"jane smith     ",NULL
3032,"jane smith     ",NULL
3033,"jane smith     ",NULL
3034,"jane smith     ",NULL
3035,"jane smith     ",NULL
3036,"jane smith     ",NULL
3037,"jane smith     ",NULL
3038,"jane smith     ",NULL
3039,"jane smith     ",NULL
3040,"jane smith     ",NULL
3041,"jane smith     ",NULL
3042,"jane smith     ",NULL
3043,"jane smith     ",NULL
3044,"jane smith     ",NULL
3045,"jane smith     ",NULL
3046,"jane smith     ",NULL
3047,"jane smith     ",NULL
3048,"jane smith     ",NULL
3049,"jane smith     ",NULL
3050,"jane smith     ",NULL
3051,"jane smith     ",NULL
3052,"jane smith     ",NULL
3053,"jane smith     ",NULL
3054,"jane smith     ",NULL
3055,"jane smith     ",NULL
3056,"jane smith     ",NULL
3057,"jane smith     ",NULL
3058,"jane smith     ",NULL
3059,"jane smith     ",NULL
3060,"jane smith     ",NULL
3061,"jane smith     ",NULL
3062,"jane smith     ",NULL
3063,"jane smith     ",NULL
3064,"jane smith     ",NULL
3065,"jane smith     ",NULL
3066,"jane smith     ",NULL
3067,"jane smith     ",NULL
3068,"jane smith     ",NULL
3069,"jane smith     ",NULL
3070,"jane smith     ",NULL
3071,"jane smith     ",NULL
3072,"jane smith     ",NULL
3073,"jane smith     ",NULL
3074,"jane smith     ",NULL
3075,"jane smith     ",NULL
3076,"jane smith     ",NULL
3077,"jane smith     ",NULL
3078,"jane smith     ",NULL
3079,"jane smith     ",NULL
3080,"jane smith     ",NULL
3081,"jane smith     ",NULL
3082,"jane smith     ",NULL
3083,"jane smith     ",NULL
3084,"jane smith     ",NULL
3085,"jane smith     ",NULL
3086,"jane smith     ",NULL
3087,"jane smith     ",NULL
3088,"jane smith     ",NULL
3089,"jane smith     ",NULL
3090,"jane smith     ",NULL
3091,"jane smith     ",NULL
3092,"jane smith     ",NULL
3093,"jane smith     ",NULL
3094,"jane smith     ",NULL
3095,"jane smith     ",NULL
3096,"jane smith     ",NULL
3097,"jane smith     ",NULL
3098,"jane smith     ",NULL
3099,"jane smith     ",NULL
3100,"jane smith     ",NULL
3101,"jane smith     ",NULL
3102,"jane smith     ",NULL
3103,"jane smith     ",NULL
3104,"jane smith     ",NULL
3105,"jane smith     ",NULL
3106,"jane smith     ",NULL
3107,"jane smith     ",NULL
3108,"jane smith     ",NULL
3109,"jane smith     ",NULL
3110,"jane smith     ",NULL
3111,"jane smith     ",NULL
3112,"jane smith     ",NULL
3113,"jane smith     ",NULL
3114,"jane smith     ",NULL
3115,"jane smith     ",NULL
3116,"jane smith     ",NULL
3117,"jane smith     ",NULL
3118,"jane smith     ",NULL
3119,"jane smith     ",NULL
3120,"jane smith     ",NULL
3121,"jane smith     ",NULL
3122,"jane smith     ",NULL
3123,"jane smith     ",NULL
3124,"jane smith     ",NULL
3125,"jane smith     ",NULL
3126,"jane smith     ",NULL
3127,"jane smith     ",NULL
3128,"jane smith     ",NULL
3129,"jane smith     ",NULL
3130,"jane smith     ",NULL
3131,"jane smith     ",NULL
3132,"jane smith     ",NULL
3133,"jane smith     ",NULL
3134,"jane smith     ",NULL
3135,"jane smith     ",NULL
3136,"jane smith     ",NULL
3137,"jane smith     ",NULL
3138,"jane smith     ",NULL
3139,"jane smith     ",NULL
3140,"jane smith     ",NULL
3141,"jane smith     ",NULL
3142,"jane smith     ",NULL
3143,"jane smith     ",NULL
3144,"jane smith     ",NULL
3145,"jane smith     ",NULL
3146,"jane smith     ",NULL
3147,"jane smith     ",NULL
3148,"jane smith     ",NULL
3149,"jane smith     ",NULL
3150,"jane smith     ",NULL
3151,"jane smith     ",NULL
3152,"jane smith     ",NULL
3153,"jane smith     ",NULL
3154,"jane smith     ",NULL
3155,"jane smith     ",NULL
3156,"jane smith     ",NULL
3157,"jane smith     ",NULL
3158,"jane smith     ",NULL
3159,"jane smith     ",NULL
3160,"jane smith     ",NULL
3161,"jane smith     ",NULL
3162,"jane smith     ",NULL
3163,"jane smith     ",NULL
3164,"jane smith     ",NULL
3165,"jane smith     ",NULL
3166,"jane smith     ",NULL
3167,"jane smith     ",NULL
3168,"jane smith     ",NULL
3169,"jane smith     ",NULL
3170,"jane smith     ",NULL
3171,"jane smith     ",NULL
3172,"jane smith     ",NULL
3173,"jane smith     ",NULL
3174,"jane smith     ",NULL
3175,"jane smith     ",NULL
3176,"jane smith     ",NULL
3177,"jane smith     ",NULL
3178,"jane smith     ",NULL
3179,"jane smith     ",NULL
3180,"jane smith     ",NULL
3181,"jane smith     ",NULL
3182,"jane smith     ",NULL
3183,"jane smith     ",NULL
3184,"jane smith     ",NULL
3185,"jane smith     ",NULL
3186,"jane smith     ",NULL
3187,"jane smith     ",NULL
3188,"jane smith     ",NULL
3189,"jane smith     ",NULL
3190,"jane smith     ",NULL
3191,"jane smith     ",NULL
3192,"jane smith     ",NULL
3193,"jane smith     ",NULL
3194,"jane smith     ",NULL
3195,"jane smith     ",NULL
3196,"jane smith     ",NULL
3197,"jane smith     ",NULL
3198,"jane smith     ",NULL
3199,"jane smith     ",NULL
3200,"jane smith     ",NULL
3201,"jane smith     ",NULL
3202,"jane smith     ",NULL
3203,"jane smith     ",NULL
3204,"jane smith     ",NULL
3205,"jane smith     ",NULL
3206,"jane smith     ",NULL
3207,"jane smith     ",NULL
3208,"jane smith     ",NULL
3209,"jane smith     ",NULL
3210,"jane smith     ",NULL
3211,"jane smith     ",NULL
3212,"jane smith     ",NULL
3213,"jane smith     ",NULL
3214,"jane smith     ",NULL
3215,"jane smith     ",NULL
3216,"jane smith     ",NULL
3217,"jane smith     ",NULL
3218,"jane smith     ",NULL
3219,"jane smith     ",NULL
3220,"jane smith     ",NULL
3221,"jane smith     ",NULL
3222,"jane smith     ",NULL
3223,"jane smith     ",NULL
3224,"jane smith     ",NULL
3225,"jane smith     ",NULL
3226,"jane smith     ",NULL
3227,"jane smith     ",NULL
3228,"jane smith     ",NULL
3229,"jane smith     ",NULL
3230,"jane smith     ",NULL
3231,"jane smith     ",NULL
3232,"jane smith     ",NULL
3233,"jane smith     ",NULL
3234,"jane smith     ",NULL
3235,"jane smith     ",NULL
3236,"jane smith     ",NULL
3237,"jane smith     ",NULL
3238,"jane smith     ",NULL
3239,"jane smith     ",NULL
3240,"jane smith     ",NULL
3241,"jane smith     ",NULL
3242,"jane smith     ",NULL
3243,"jane smith     ",NULL
3244,"jane smith     ",NULL
3245,"jane smith     ",NULL
3246,"jane smith     ",NULL
3247,"jane smith     ",NULL
3248,"jane smith     ",NULL
3249,"jane smith     ",NULL
3250,"jane smith     ",NULL
3251,"jane smith     ",NULL
3252,"jane smith     ",NULL
3253,"jane smith     ",NULL
3254,"jane smith     ",NULL
3255,"jane smith     ",NULL
3256,"jane smith     ",NULL
3257,"jane smith     ",NULL
3258,"jane smith     ",NULL
3259,"jane smith     ",NULL
3260,"jane smith     ",NULL
3261,"jane smith     ",NULL
3262,"jane smith     ",NULL
3263,"jane smith     ",NULL
3264,"jane smith     ",NULL
3265,"jane smith     ",NULL
3266,"jane smith     ",NULL
3267,"jane smith     ",NULL
3268,"jane smith     ",NULL
3269,"jane smith     ",NULL
3270,"jane smith     ",NULL
3271,"jane smith     ",NULL
3272,"jane smith     ",NULL
3273,"jane smith     ",NULL
3274,"jane smith     ",NULL
3275,"jane smith     ",NULL
3276,"jane smith     ",NULL
3277,"jane smith     ",NULL
3278,"jane smith     ",NULL
3279,"jane smith     ",NULL
3280,"jane smith     ",NULL
3281,"jane smith     ",NULL
3282,"jane smith     ",NULL
3283,"jane smith     ",NULL
3284,"jane smith     ",NULL
3285,"jane smith     ",NULL
3286,"jane smith     ",NULL
3287,"jane smith     ",NULL
3288,"jane smith     ",NULL
3289,"jane smith     ",NULL
3290,"jane smith     ",NULL
3291,"jane smith     ",NULL
3292,"jane smith     ",NULL
3293,"jane smith     ",NULL
3294,"jane smith     ",NULL
3295,"jane smith     ",NULL
3296,"jane smith     ",NULL
3297,"jane smith     ",NULL
3298,"jane smith     ",NULL
3299,"jane smith     ",NULL
3300,"jane smith     ",NULL
3301,"jane smith     ",NULL
3302,"jane smith     ",NULL
3303,"jane smith     ",NULL
3304,"jane smith     ",NULL
3305,"jane smith     ",NULL
3306,"jane smith     ",NULL
3307,"jane smith     ",NULL
3308,"jane smith     ",NULL
3309,"jane smith     ",NULL
3310,"jane smith     ",NULL
3311,"jane smith     ",NULL
3312,"jane smith     ",NULL
3313,"jane smith     ",NULL
3314,"jane smith     ",NULL
3315,"jane smith     ",NULL
3316,"jane smith     ",NULL
3317,"jane smith     ",NULL
3318,"jane smith     ",NULL
3319,"jane smith     ",NULL
3320,"jane smith     ",NULL
3321,"jane smith     ",NULL
3322,"jane smith     ",NULL
3323,"jane smith     ",NULL
3324,"jane smith     ",NULL
3325,"jane smith     ",NULL
3326,"jane smith     ",NULL
3327,"jane smith     ",NULL
3328,"jane smith     ",NULL
3329,"jane smith     ",NULL
3330,"jane smith     ",NULL
3331,"jane smith     ",NULL
3332,"jane smith     ",NULL
3333,"jane smith     ",NULL
3334,"jane smith     ",NULL
3335,"jane smith     ",NULL
3336,"jane smith     ",NULL
3337,"jane smith     ",NULL
3338,"jane smith     ",NULL
3339,"jane smith     ",NULL
3340,"jane smith     ",NULL
3341,"jane smith     ",NULL
3342,"jane smith     ",NULL
3343,"jane smith     ",NULL
3344,"jane smith     ",NULL
3345,"jane smith     ",NULL
3346,"jane smith     ",NULL
3347,"jane smith     ",NULL
3348,"jane smith     ",NULL
3349,"jane smith     ",NULL
3350,"jane smith     ",NULL
3351,"jane smith     ",NULL
3352,"jane smith     ",NULL
3353,"jane smith     ",NULL
3354,"jane smith     ",NULL
3355,"jane smith     ",NULL
3356,"jane smith     ",NULL
3357,"jane smith     ",NULL
3358,"jane smith     ",NULL
3359,"jane smith     ",NULL
3360,"jane smith     ",NULL
3361,"jane smith     ",NULL
3362,"jane smith     ",NULL
3363,"jane smith     ",NULL
3364,"jane smith     ",NULL
3365,"jane smith     ",NULL
3366,"jane smith     ",NULL
3367,"jane smith     ",NULL
3368,"jane smith     ",NULL
3369,"jane smith     ",NULL
3370,"jane smith     ",NULL
3371,"jane smith     ",NULL
3372,"jane smith     ",NULL
3373,"jane smith     ",NULL
3374,"jane smith     ",NULL
3375,"jane smith     ",NULL
3376,"jane smith     ",NULL
3377,"jane smith     ",NULL
3378,"jane smith     ",NULL
3379,"jane smith     ",NULL
3380,"jane smith     ",NULL
3381,"jane smith     ",NULL
3382,"jane smith     ",NULL
3383,"jane smith     ",NULL
3384,"jane smith     ",NULL
3385,"jane smith     ",NULL
3386,"jane smith     ",NULL
3387,"jane smith     ",NULL
3388,"jane smith     ",NULL
3389,"jane smith     ",NULL
3390,"jane smith     ",NULL
3391,"jane smith     ",NULL
3392,"jane smith     ",NULL
3393,"jane smith     ",NULL
3394,"jane smith     ",NULL
3395,"jane smith     ",NULL
3396,"jane smith     ",NULL
3397,"jane smith     ",NULL
3398,"jane smith     ",NULL
3399,"jane smith     ",NULL
3400,"jane smith     ",NULL
3401,"jane smith     ",NULL
3402,"jane smith     ",NULL
3403,"jane smith     ",NULL
3404,"jane smith     ",NULL
3405,"jane smith     ",NULL
3406,"jane smith     ",NULL
3407,"jane smith     ",NULL
3408,"jane smith     ",NULL
3409,"jane smith     ",NULL
3410,"jane smith     ",NULL
3411,"jane smith     ",NULL
3412,"jane smith     ",NULL
3413,"jane smith     ",NULL
3414,"jane smith     ",NULL
3415,"jane smith     ",NULL
3416,"jane smith     ",NULL
3417,"jane smith     ",NULL
3418,"jane smith     ",NULL
3419,"jane smith     ",NULL
3420,"jane smith     ",NULL
3421,"jane smith     ",NULL
3422,"jane smith     ",NULL
3423,"jane smith     ",NULL
3424,"jane smith     ",NULL
3425,"jane smith     ",NULL
3426,"jane smith     ",NULL
3427,"jane smith     ",NULL
3428,"jane smith     ",NULL
3429,"jane smith     ",NULL
3430,"jane smith     ",NULL
3431,"jane smith     ",NULL
3432,"jane smith     ",NULL
3433,"jane smith     ",NULL
3434,"jane smith     ",NULL
3435,"jane smith     ",NULL
3436,"jane smith     ",NULL
3437,"jane smith     ",NULL
3438,"jane smith     ",NULL
3439,"jane smith     ",NULL
3440,"jane smith     ",NULL
3441,"jane smith     ",NULL
3442,"jane smith     ",NULL
3443,"jane smith     ",NULL
3444,"jane smith     ",NULL
3445,"jane smith     ",NULL
3446,"jane smith     ",NULL
3447,"jane smith     ",NULL
3448,"jane smith     ",NULL
3449,"jane smith     ",NULL
3450,"jane smith     ",NULL
3451,"jane smith     ",NULL
3452,"jane smith     ",NULL
3453,"jane smith     ",NULL
3454,"jane smith     ",NULL
3455,"jane smith     ",NULL
3456,"jane smith     ",NULL
3457,"jane smith     ",NULL
3458,"jane smith     ",NULL
3459,"jane smith     ",NULL
3460,"jane smith     ",NULL
3461,"jane smith     ",NULL
3462,"jane smith     ",NULL
3463,"jane smith     ",NULL
3464,"jane smith     ",NULL
3465,"jane smith     ",NULL
3466,"jane smith     ",NULL
3467,"jane smith     ",NULL
3468,"jane smith     ",NULL
3469,"jane smith     ",NULL
3470,"jane smith     ",NULL
3471,"jane smith     ",NULL
3472,"jane smith     ",NULL
3473,"jane smith     ",NULL
3474,"jane smith     ",NULL
3475,"jane smith     ",NULL
3476,"jane smith     ",NULL
3477,"jane smith     ",NULL
3478,"jane smith     ",NULL
3479,"jane smith     ",NULL
3480,"jane smith     ",NULL
3481,"jane smith     ",NULL
3482,"jane smith     ",NULL
3483,"jane smith     ",NULL
3484,"jane smith     ",NULL
3485,"jane smith     ",NULL
3486,"jane smith     ",NULL
3487,"jane smith     ",NULL
3488,"jane smith     ",NULL
3489,"jane smith     ",NULL
3490,"jane smith     ",NULL
3491,"jane smith     ",NULL
3492,"jane smith     ",NULL
3493,"jane smith     ",NULL
3494,"jane smith     ",NULL
3495,"jane smith     ",NULL
3496,"jane smith     ",NULL
3497,"jane smith     ",NULL
3498,"jane smith     ",NULL
3499,"jane smith     ",NULL
3500,"jane smith     ",NULL
3501,"jane smith     ",NULL
3502,"jane smith     ",NULL
3503,"jane smith     ",NULL
3504,"jane smith     ",NULL
3505,"jane smith     ",NULL
3506,"jane smith     ",NULL
3507,"jane smith     ",NULL
3508,"jane smith     ",NULL
3509,"jane smith     ",NULL
3510,"jane smith     ",NULL
3511,"jane smith     ",NULL
3512,"jane smith     ",NULL
3513,"jane smith     ",NULL
3514,"jane smith     ",NULL
3515,"jane smith     ",NULL
3516,"jane smith     ",NULL
3517,"jane smith     ",NULL
3518,"jane smith     ",NULL
3519,"jane smith     ",NULL
3520,"jane smith     ",NULL
3521,"jane smith     ",NULL
3522,"jane smith     ",NULL
3523,"jane smith     ",NULL
3524,"jane smith     ",NULL
3525,"jane smith     ",NULL
3526,"jane smith     ",NULL
3527,"jane smith     ",NULL
3528,"jane smith     ",NULL
3529,"jane smith     ",NULL
3530,"jane smith     ",NULL
3531,"jane smith     ",NULL
3532,"jane smith     ",NULL
3533,"jane smith     ",NULL
3534,"jane smith     ",NULL
3535,"jane smith     ",NULL
3536,"jane smith     ",NULL
3537,"jane smith     ",NULL
3538,"jane smith     ",NULL
3539,"jane smith     ",NULL
3540,"jane smith     ",NULL
3541,"jane smith     ",NULL
3542,"jane smith     ",NULL
3543,"jane smith     ",NULL
3544,"jane smith     ",NULL
3545,"jane smith     ",NULL
3546,"jane smith     ",NULL
3547,"jane smith     ",NULL
3548,"jane smith     ",NULL
3549,"jane smith     ",NULL
3550,"jane smith     ",NULL
3551,"jane smith     ",NULL
3552,"jane smith     ",NULL
3553,"jane smith     ",NULL
3554,"jane smith     ",NULL
3555,"jane smith     ",NULL
3556,"jane smith     ",NULL
3557,"jane smith     ",NULL
3558,"jane smith     ",NULL
3559,"jane smith     ",NULL
3560,"jane smith     ",NULL
3561,"jane smith     ",NULL
3562,"jane smith     ",NULL
3563,"jane smith     ",NULL
3564,"jane smith     ",NULL
3565,"jane smith     ",NULL
3566,"jane smith     ",NULL
3567,"jane smith     ",NULL
3568,"jane smith     ",NULL
3569,"jane smith     ",NULL
3570,"jane smith     ",NULL
3571,"jane smith     ",NULL
3572,"jane smith     ",NULL
3573,"jane smith     ",NULL
3574,"jane smith     ",NULL
3575,"jane smith     ",NULL
3576,"jane smith     ",NULL
3577,"jane smith     ",NULL
3578,"jane smith     ",NULL
3579,"jane smith     ",NULL
3580,"jane smith     ",NULL
3581,"jane smith     ",NULL
3582,"jane smith     ",NULL
3583,"jane smith     ",NULL
3584,"jane smith     ",NULL
3585,"jane smith     ",NULL
3586,"jane smith     ",NULL
3587,"jane smith     ",NULL
3588,"jane smith     ",NULL
3589,"jane smith     ",NULL
3590,"jane smith     ",NULL
3591,"jane smith     ",NULL
3592,"jane smith     ",NULL
3593,"jane smith     ",NULL
3594,"jane smith     ",NULL
3595,"jane smith     ",NULL
3596,"jane smith     ",NULL
3597,"jane smith     ",NULL
3598,"jane smith     ",NULL
3599,"jane smith     ",NULL
3600,"jane smith     ",NULL
3601,"jane smith     ",NULL
3602,"jane smith     ",NULL
3603,"jane smith     ",NULL
3604,"jane smith     ",NULL
3605,"jane smith     ",NULL
3606,"jane smith     ",NULL
3607,"jane smith     ",NULL
3608,"jane smith     ",NULL
3609,"jane smith     ",NULL
3610,"jane smith     ",NULL
3611,"jane smith     ",NULL
3612,"jane smith     ",NULL
3613,"jane smith     ",NULL
3614,"jane smith     ",NULL
3615,"jane smith     ",NULL
3616,"jane smith     ",NULL
3617,"jane smith     ",NULL
3618,"jane smith     ",NULL
3619,"jane smith     ",NULL
3620,"jane smith     ",NULL
3621,"jane smith     ",NULL
3622,"jane smith     ",NULL
3623,"jane smith     ",NULL
3624,"jane smith     ",NULL
3625,"jane smith     ",NULL
3626,"jane smith     ",NULL
3627,"jane smith     ",NULL
3628,"jane smith     ",NULL
3629,"jane smith     ",NULL
3630,"jane smith     ",NULL
3631,"jane smith     ",NULL
3632,"jane smith     ",NULL
3633,"jane smith     ",NULL
3634,"jane smith     ",NULL
3635,"jane smith     ",NULL
3636,"jane smith     ",NULL
3637,"jane smith     ",NULL
3638,"jane smith     ",NULL
3639,"jane smith     ",NULL
3640,"jane smith     ",NULL
3641,"jane smith     ",NULL
3642,"jane smith     ",NULL
3643,"jane smith     ",NULL
3644,"jane smith     ",NULL
3645,"jane smith     ",NULL
3646,"jane smith     ",NULL
3647,"jane smith     ",NULL
3648,"jane smith     ",NULL
3649,"jane smith     ",NULL
3650,"jane smith     ",NULL
3651,"jane smith     ",NULL
3652,"jane smith     ",NULL
3653,"jane smith     ",NULL
3654,"jane smith     ",NULL
3655,"jane smith     ",NULL
3656,"jane smith     ",NULL
3657,"jane smith     ",NULL
3658,"jane smith     ",NULL
3659,"jane smith     ",NULL
3660,"jane smith     ",NULL
3661,"jane smith     ",NULL
3662,"jane smith     ",NULL
3663,"jane smith     ",NULL
3664,"jane smith     ",NULL
3665,"jane smith     ",NULL
3666,"jane smith     ",NULL
3667,"jane smith     ",NULL
3668,"jane smith     ",NULL
3669,"jane smith     ",NULL
3670,"jane smith     ",NULL
3671,"jane smith     ",NULL
3672,"jane smith     ",NULL
3673,"jane smith     ",NULL
3674,"jane smith     ",NULL
3675,"jane smith     ",NULL
3676,"jane smith     ",NULL
3677,"jane smith     ",NULL
3678,"jane smith     ",NULL
3679,"jane smith     ",NULL
3680,"jane smith     ",NULL
3681,"jane smith     ",NULL
3682,"jane smith     ",NULL
3683,"jane smith     ",NULL
3684,"jane smith     ",NULL
3685,"jane smith     ",NULL
3686,"jane smith     ",NULL
3687,"jane smith     ",NULL
3688,"jane smith     ",NULL
3689,"jane smith     ",NULL
3690,"jane smith     ",NULL
3691,"jane smith     ",NULL
3692,"jane smith     ",NULL
3693,"jane smith     ",NULL
3694,"jane smith     ",NULL
3695,"jane smith     ",NULL
3696,"jane smith     ",NULL
3697,"jane smith     ",NULL
3698,"jane smith     ",NULL
3699,"jane smith     ",NULL
3700,"jane smith     ",NULL
3701,"jane smith     ",NULL
3702,"jane smith     ",NULL
3703,"jane smith     ",NULL
3704,"jane smith     ",NULL
3705,"jane smith     ",NULL
3706,"jane smith     ",NULL
3707,"jane smith     ",NULL
3708,"jane smith     ",NULL
3709,"jane smith     ",NULL
3710,"jane smith     ",NULL
3711,"jane smith     ",NULL
3712,"jane smith     ",NULL
3713,"jane smith     ",NULL
3714,"jane smith     ",NULL
3715,"jane smith     ",NULL
3716,"jane smith     ",NULL
3717,"jane smith     ",NULL
3718,"jane smith     ",NULL
3719,"jane smith     ",NULL
3720,"jane smith     ",NULL
3721,"jane smith     ",NULL
3722,"jane smith     ",NULL
3723,"jane smith     ",NULL
3724,"jane smith     ",NULL
3725,"jane smith     ",NULL
3726,"jane smith     ",NULL
3727,"jane smith     ",NULL
3728,"jane smith     ",NULL
3729,"jane smith     ",NULL
3730,"jane smith     ",NULL
3731,"jane smith     ",NULL
3732,"jane smith     ",NULL
3733,"jane smith     ",NULL
3734,"jane smith     ",NULL
3735,"jane smith     ",NULL
3736,"jane smith     ",NULL
3737,"jane smith     ",NULL
3738,"jane smith     ",NULL
3739,"jane smith     ",NULL
3740,"jane smith     ",NULL
3741,"jane smith     ",NULL
3742,"jane smith     ",NULL
3743,"jane smith     ",NULL
3744,"jane smith     ",NULL
3745,"jane smith     ",NULL
3746,"jane smith     ",NULL
3747,"jane smith     ",NULL
3748,"jane smith     ",NULL
3749,"jane smith     ",NULL
3750,"jane smith     ",NULL
3751,"jane smith     ",NULL
3752,"jane smith     ",NULL
3753,"jane smith     ",NULL
3754,"jane smith     ",NULL
3755,"jane smith     ",NULL
3756,"jane smith     ",NULL
3757,"jane smith     ",NULL
3758,"jane smith     ",NULL
3759,"jane smith     ",NULL
3760,"jane smith     ",NULL
3761,"jane smith     ",NULL
3762,"jane smith     ",NULL
3763,"jane smith     ",NULL
3764,"jane smith     ",NULL
3765,"jane smith     ",NULL
3766,"jane smith     ",NULL
3767,"jane smith     ",NULL
3768,"jane smith     ",NULL
3769,"jane smith     ",NULL
3770,"jane smith     ",NULL
3771,"jane smith     ",NULL
3772,"jane smith     ",NULL
3773,"jane smith     ",NULL
3774,"jane smith     ",NULL
3775,"jane smith     ",NULL
3776,"jane smith     ",NULL
3777,"jane smith     ",NULL
3778,"jane smith     ",NULL
3779,"jane smith     ",NULL
3780,"jane smith     ",NULL
3781,"jane smith     ",NULL
3782,"jane smith     ",NULL
3783,"jane smith     ",NULL
3784,"jane smith     ",NULL
3785,"jane smith     ",NULL
3786,"jane smith     ",NULL
3787,"jane smith     ",NULL
3788,"jane smith     ",NULL
3789,"jane smith     ",NULL
3790,"jane smith     ",NULL
3791,"jane smith     ",NULL
3792,"jane smith     ",NULL
3793,"jane smith     ",NULL
3794,"jane smith     ",NULL
3795,"jane smith     ",NULL
3796,"jane smith     ",NULL
3797,"jane smith     ",NULL
3798,"jane smith     ",NULL
3799,"jane smith     ",NULL
3800,"jane smith     ",NULL
3801,"jane smith     ",NULL
3802,"jane smith     ",NULL
3803,"jane smith     ",NULL
3804,"jane smith     ",NULL
3805,"jane smith     ",NULL
3806,"jane smith     ",NULL
3807,"jane smith     ",NULL
3808,"jane smith     ",NULL
3809,"jane smith     ",NULL
3810,"jane smith     ",NULL
3811,"jane smith     ",NULL
3812,"jane smith     ",NULL
3813,"jane smith     ",NULL
3814,"jane smith     ",NULL
3815,"jane smith     ",NULL
3816,"jane smith     ",NULL
3817,"jane smith     ",NULL
3818,"jane smith     ",NULL
3819,"jane smith     ",NULL
3820,"jane smith     ",NULL
3821,"jane smith     ",NULL
3822,"jane smith     ",NULL
3823,"jane smith     ",NULL
3824,"jane smith     ",NULL
3825,"jane smith     ",NULL
3826,"jane smith     ",NULL
3827,"jane smith     ",NULL
3828,"jane smith     ",NULL
3829,"jane smith     ",NULL
3830,"jane smith     ",NULL
3831,"jane smith     ",NULL
3832,"jane smith     ",NULL
3833,"jane smith     ",NULL
3834,"jane smith     ",NULL
3835,"jane smith     ",NULL
3836,"jane smith     ",NULL
3837,"jane smith     ",NULL
3838,"jane smith     ",NULL
3839,"jane smith     ",NULL
3840,"jane smith     ",NULL
3841,"jane smith     ",NULL
3842,"jane smith     ",NULL
3843,"jane smith     ",NULL
3844,"jane smith     ",NULL
3845,"jane smith     ",NULL
3846,"jane smith     ",NULL
3847,"jane smith     ",NULL
3848,"jane smith     ",NULL
3849,"jane smith     ",NULL
3850,"jane smith     ",NULL
3851,"jane smith     ",NULL
3852,"jane smith     ",NULL
3853,"jane smith     ",NULL
3854,"jane smith     ",NULL
3855,"jane smith     ",NULL
3856,"jane smith     ",NULL
3857,"jane smith     ",NULL
3858,"jane smith     ",NULL
3859,"jane smith     ",NULL
3860,"jane smith     ",NULL
3861,"jane smith     ",NULL
3862,"jane smith     ",NULL
3863,"jane smith     ",NULL
3864,"jane smith     ",NULL
3865,"jane smith     ",NULL
3866,"jane smith     ",NULL
3867,"jane smith     ",NULL
3868,"jane smith     ",NULL
3869,"jane smith     ",NULL
3870,"jane smith     ",NULL
3871,"jane smith     ",NULL
3872,"jane smith     ",NULL
3873,"jane smith     ",NULL
3874,"jane smith     ",NULL
3875,"jane smith     ",NULL
3876,"jane smith     ",NULL
3877,"jane smith     ",NULL
3878,"jane smith     ",NULL
3879,"jane smith     ",NULL
3880,"jane smith     ",NULL
3881,"jane smith     ",NULL
3882,"jane smith     ",NULL
3883,"jane smith     ",NULL
3884,"jane smith     ",NULL
3885,"jane smith     ",NULL
3886,"jane smith     ",NULL
3887,"jane smith     ",NULL
3888,"jane smith     ",NULL
3889,"jane smith     ",NULL
3890,"jane smith     ",NULL
3891,"jane smith     ",NULL
3892,"jane smith     ",NULL
3893,"jane smith     ",NULL
3894,"jane smith     ",NULL
3895,"jane smith     ",NULL
3896,"jane smith     ",NULL
3897,"jane smith     ",NULL
3898,"jane smith     ",NULL
3899,"jane smith     ",NULL
3900,"jane smith     ",NULL
3901,"jane smith     ",NULL
3902,"jane smith     ",NULL
3903,"jane smith     ",NULL
3904,"jane smith     ",NULL
3905,"jane smith     ",NULL
3906,"jane smith     ",NULL
3907,"jane smith     ",NULL
3908,"jane smith     ",NULL
3909,"jane smith     ",NULL
3910,"jane smith     ",NULL
3911,"jane smith     ",NULL
3912,"jane smith     ",NULL
3913,"jane smith     ",NULL
3914,"jane smith     ",NULL
3915,"jane smith     ",NULL
3916,"jane smith     ",NULL
3917,"jane smith     ",NULL
3918,"jane smith     ",NULL
3919,"jane smith     ",NULL
3920,"jane smith     ",NULL
3921,"jane smith     ",NULL
3922,"jane smith     ",NULL
3923,"jane smith     ",NULL
3924,"jane smith     ",NULL
3925,"jane smith     ",NULL
3926,"jane smith     ",NULL
3927,"jane smith     ",NULL
3928,"jane smith     ",NULL
3929,"jane smith     ",NULL
3930,"jane smith     ",NULL
3931,"jane smith     ",NULL
3932,"jane smith     ",NULL
3933,"jane smith     ",NULL
3934,"jane smith     ",NULL
3935,"jane smith     ",NULL
3936,"jane smith     ",NULL
3937,"jane smith     ",NULL
3938,"jane smith     ",NULL
3939,"jane smith     ",NULL
3940,"jane smith     ",NULL
3941,"jane smith     ",NULL
3942,"jane smith     ",NULL
3943,"jane smith     ",NULL
3944,"jane smith     ",NULL
3945,"jane smith     ",NULL
3946,"jane smith     ",NULL
3947,"jane smith     ",NULL
3948,"jane smith     ",NULL
3949,"jane smith     ",NULL
3950,"jane smith     ",NULL
3951,"jane smith     ",NULL
3952,"jane smith     ",NULL
3953,"jane smith     ",NULL
3954,"jane smith     ",NULL
3955,"jane smith     ",NULL
3956,"jane smith     ",NULL
3957,"jane smith     ",NULL
3958,"jane smith     ",NULL
3959,"jane smith     ",NULL
3960,"jane smith     ",NULL
3961,"jane smith     ",NULL
3962,"jane smith     ",NULL
3963,"jane smith     ",NULL
3964,"jane smith     ",NULL
3965,"jane smith     ",NULL
3966,"jane smith     ",NULL
3967,"jane smith     ",NULL
3968,"jane smith     ",NULL
3969,"jane smith     ",NULL
3970,"jane smith     ",NULL
3971,"jane smith     ",NULL
3972,"jane smith     ",NULL
3973,"jane smith     ",NULL
3974,"jane smith     ",NULL
3975,"jane smith     ",NULL
3976,"jane smith     ",NULL
3977,"jane smith     ",NULL
3978,"jane smith     ",NULL
3979,"jane smith     ",NULL
3980,"jane smith     ",NULL
3981,"jane smith     ",NULL
3982,"jane smith     ",NULL
3983,"jane smith     ",NULL
3984,"jane smith     ",NULL
3985,"jane smith     ",NULL
3986,"jane smith     ",NULL
3987,"jane smith     ",NULL
3988,"jane smith     ",NULL
3989,"jane smith     ",NULL
3990,"jane smith     ",NULL
3991,"jane smith     ",NULL
3992,"jane smith     ",NULL
3993,"jane smith     ",NULL
3994,"jane smith     ",NULL
3995,"jane smith     ",NULL
3996,"jane smith     ",NULL
3997,"jane smith     ",NULL
3998,"jane smith     ",NULL
3999,"jane smith     ",NULL
4000,"jane smith     ",NULL
4001,"jane smith     ",NULL
4002,"jane smith     ",NULL
4003,"jane smith     ",NULL
4004,"jane smith     ",NULL
4005,"jane smith     ",NULL
4006,"jane smith     ",NULL
4007,"jane smith     ",NULL
4008,"jane smith     ",NULL
4009,"jane smith     ",NULL
4010,"jane smith     ",NULL
4011,"jane smith     ",NULL
4012,"jane smith     ",NULL
4013,"jane smith     ",NULL
4014,"jane smith     ",NULL
4015,"jane smith     ",NULL
4016,"jane smith     ",NULL
4017,"jane smith     ",NULL
4018,"jane smith     ",NULL
4019,"jane smith     ",NULL
4020,"jane smith     ",NULL
4021,"jane smith     ",NULL
4022,"jane smith     ",NULL
4023,"jane smith     ",NULL
4024,"jane smith     ",NULL
4025,"jane smith     ",NULL
4026,"jane smith     ",NULL
4027,"jane smith     ",NULL
4028,"jane smith     ",NULL
4029,"jane smith     ",NULL
4030,"jane smith     ",NULL
4031,"jane smith     ",NULL
4032,"jane smith     ",NULL
4033,"jane smith     ",NULL
4034,"jane smith     ",NULL
4035,"jane smith     ",NULL
4036,"jane smith     ",NULL
4037,"jane smith     ",NULL
4038,"jane smith     ",NULL
4039,"jane smith     ",NULL
4040,"jane smith     ",NULL
4041,"jane smith     ",NULL
4042,"jane smith     ",NULL
4043,"jane smith     ",NULL
4044,"jane smith     ",NULL
4045,"jane smith     ",NULL
4046,"jane smith     ",NULL
4047,"jane smith     ",NULL
4048,"jane smith     ",NULL
4049,"jane smith     ",NULL
4050,"jane smith     ",NULL
4051,"jane smith     ",NULL
4052,"jane smith     ",NULL
4053,"jane smith     ",NULL
4054,"jane smith     ",NULL
4055,"jane smith     ",NULL
4056,"jane smith     ",NULL
4057,"jane smith     ",NULL
4058,"jane smith     ",NULL
4059,"jane smith     ",NULL
4060,"jane smith     ",NULL
4061,"jane smith     ",NULL
4062,"jane smith     ",NULL
4063,"jane smith     ",NULL
4064,"jane smith     ",NULL
4065,"jane smith     ",NULL
4066,"jane smith     ",NULL
4067,"jane smith     ",NULL
4068,"jane smith     ",NULL
4069,"jane smith     ",NULL
4070,"jane smith     ",NULL
4071,"jane smith     ",NULL
4072,"jane smith     ",NULL
4073,"jane smith     ",NULL
4074,"jane smith     ",NULL
4075,"jane smith     ",NULL
4076,"jane smith     ",NULL
4077,"jane smith     ",NULL
4078,"jane smith     ",NULL
4079,"jane smith     ",NULL
4080,"jane smith     ",NULL
4081,"jane smith     ",NULL
4082,"jane smith     ",NULL
4083,"jane smith     ",NULL
4084,"jane smith     ",NULL
4085,"jane smith     ",NULL
4086,"jane smith     ",NULL
4087,"jane smith     ",NULL
4088,"jane smith     ",NULL
4089,"jane smith     ",NULL
4090,"jane smith     ",NULL
4091,"jane smith     ",NULL
4092,"jane smith     ",NULL
4093,"jane smith     ",NULL
4094,"jane smith     ",NULL
4095,"jane smith     ",NULL
4096,"jane smith     ",NULL
4097,"jane smith     ",NULL
4098,"jane smith     ",NULL
4099,"jane smith     ",NULL
4100,"jane smith     ",NULL
4101,"jane smith     ",NULL
4102,"jane smith     ",NULL
4103,"jane smith     ",NULL
4104,"jane smith     ",NULL
4105,"jane smith     ",NULL
4106,"jane smith     ",NULL
4107,"jane smith     ",NULL
4108,"jane smith     ",NULL
4109,"jane smith     ",NULL
4110,"jane smith     ",NULL
4111,"jane smith     ",NULL
4112,"jane smith     ",NULL
4113,"jane smith     ",NULL
4114,"jane smith     ",NULL
4115,"jane smith     ",NULL
4116,"jane smith     ",NULL
4117,"jane smith     ",NULL
4118,"jane smith     ",NULL
4119,"jane smith     ",NULL
4120,"jane smith     ",NULL
4121,"jane smith     ",NULL
4122,"jane smith     ",NULL
4123,"jane smith     ",NULL
4124,"jane smith     ",NULL
4125,"jane smith     ",NULL
4126,"jane smith     ",NULL
4127,"jane smith     ",NULL
4128,"jane smith     ",NULL
4129,"jane smith     ",NULL
4130,"jane smith     ",NULL
4131,"jane smith     ",NULL
4132,"jane smith     ",NULL
4133,"jane smith     ",NULL
4134,"jane smith     ",NULL
4135,"jane smith     ",NULL
4136,"jane smith     ",NULL
4137,"jane smith     ",NULL
4138,"jane smith     ",NULL
4139,"jane smith     ",NULL
4140,"jane smith     ",NULL
4141,"jane smith     ",NULL
4142,"jane smith     ",NULL
4143,"jane smith     ",NULL
4144,"jane smith     ",NULL
4145,"jane smith     ",NULL
4146,"jane smith     ",NULL
4147,"jane smith     ",NULL
4148,"jane smith     ",NULL
4149,"jane smith     ",NULL
4150,"jane smith     ",NULL
4151,"jane smith     ",NULL
4152,"jane smith     ",NULL
4153,"jane smith     ",NULL
4154,"jane smith     ",NULL
4155,"jane smith     ",NULL
4156,"jane smith     ",NULL
4157,"jane smith     ",NULL
4158,"jane smith     ",NULL
4159,"jane smith     ",NULL
4160,"jane smith     ",NULL
4161,"jane smith     ",NULL
4162,"jane smith     ",NULL
4163,"jane smith     ",NULL
4164,"jane smith     ",NULL
4165,"jane smith     ",NULL
4166,"jane smith     ",NULL
4167,"jane smith     ",NULL
4168,"jane smith     ",NULL
4169,"jane smith     ",NULL
4170,"jane smith     ",NULL
4171,"jane smith     ",NULL
4172,"jane smith     ",NULL
4173,"jane smith     ",NULL
4174,"jane smith     ",NULL
4175,"jane smith     ",NULL
4176,"jane smith     ",NULL
4177,"jane smith     ",NULL
4178,"jane smith     ",NULL
4179,"jane smith     ",NULL
4180,"jane smith     ",NULL
4181,"jane smith     ",NULL
4182,"jane smith     ",NULL
4183,"jane smith     ",NULL
4184,"jane smith     ",NULL
4185,"jane smith     ",NULL
4186,"jane smith     ",NULL
4187,"jane smith     ",NULL
4188,"jane smith     ",NULL
4189,"jane smith     ",NULL
4190,"jane smith     ",NULL
4191,"jane smith     ",NULL
4192,"jane smith     ",NULL
4193,"jane smith     ",NULL
4194,"jane smith     ",NULL
4195,"jane smith     ",NULL
4196,"jane smith     ",NULL
4197,"jane smith     ",NULL
4198,"jane smith     ",NULL
4199,"jane smith     ",NULL
4200,"jane smith     ",NULL
4201,"jane smith     ",NULL
4202,"jane smith     ",NULL
4203,"jane smith     ",NULL
4204,"jane smith     ",NULL
4205,"jane smith     ",NULL
4206,"jane smith     ",NULL
4207,"jane smith     ",NULL
4208,"jane smith     ",NULL
4209,"jane smith     ",NULL
4210,"jane smith     ",NULL
4211,"jane smith     ",NULL
4212,"jane smith     ",NULL
4213,"jane smith     ",NULL
4214,"jane smith     ",NULL
4215,"jane smith     ",NULL
4216,"jane smith     ",NULL
4217,"jane smith     ",NULL
4218,"jane smith     ",NULL
4219,"jane smith     ",NULL
4220,"jane smith     ",NULL
4221,"jane smith     ",NULL
4222,"jane smith     ",NULL
4223,"jane smith     ",NULL
4224,"jane smith     ",NULL
4225,"jane smith     ",NULL
4226,"jane smith     ",NULL
4227,"jane smith     ",NULL
4228,"jane smith     ",NULL
4229,"jane smith     ",NULL
4230,"jane smith     ",NULL
4231,"jane smith     ",NULL
4232,"jane smith     ",NULL
4233,"jane smith     ",NULL
4234,"jane smith     ",NULL
4235,"jane smith     ",NULL
4236,"jane smith     ",NULL
4237,"jane smith     ",NULL
4238,"jane smith     ",NULL
4239,"jane smith     ",NULL
4240,"jane smith     ",NULL
4241,"jane smith     ",NULL
4242,"jane smith     ",NULL
4243,"jane smith     ",NULL
4244,"jane smith     ",NULL
4245,"jane smith     ",NULL
4246,"jane smith     ",NULL
4247,"jane smith     ",NULL
4248,"jane smith     ",NULL
4249,"jane smith     ",NULL
4250,"jane smith     ",NULL
4251,"jane smith     ",NULL
4252,"jane smith     ",NULL
4253,"jane smith     ",NULL
4254,"jane smith     ",NULL
4255,"jane smith     ",NULL
4256,"jane smith     ",NULL
4257,"jane smith     ",NULL
4258,"jane smith     ",NULL
4259,"jane smith     ",NULL
4260,"jane smith     ",NULL
4261,"jane smith     ",NULL
4262,"jane smith     ",NULL
4263,"jane smith     ",NULL
4264,"jane smith     ",NULL
4265,"jane smith     ",NULL
4266,"jane smith     ",NULL
4267,"jane smith     ",NULL
4268,"jane smith     ",NULL
4269,"jane smith     ",NULL
4270,"jane smith     ",NULL
4271,"jane smith     ",NULL
4272,"jane smith     ",NULL
4273,"jane smith     ",NULL
4274,"jane smith     ",NULL
4275,"jane smith     ",NULL
4276,"jane smith     ",NULL
4277,"jane smith     ",NULL
4278,"jane smith     ",NULL
4279,"jane smith     ",NULL
4280,"jane smith     ",NULL
4281,"jane smith     ",NULL
4282,"jane smith     ",NULL
4283,"jane smith     ",NULL
4284,"jane smith     ",NULL
4285,"jane smith     ",NULL
4286,"jane smith     ",NULL
4287,"jane smith     ",NULL
4288,"jane smith     ",NULL
4289,"jane smith     ",NULL
4290,"jane smith     ",NULL
4291,"jane smith     ",NULL
4292,"jane smith     ",NULL
4293,"jane smith     ",NULL
4294,"jane smith     ",NULL
4295,"jane smith     ",NULL
4296,"jane smith     ",NULL
4297,"jane smith     ",NULL
4298,"jane smith     ",NULL
4299,"jane smith     ",NULL
4300,"jane smith     ",NULL
4301,"jane smith     ",NULL
4302,"jane smith     ",NULL
4303,"jane smith     ",NULL
4304,"jane smith     ",NULL
4305,"jane smith     ",NULL
4306,"jane smith     ",NULL
4307,"jane smith     ",NULL
4308,"jane smith     ",NULL
4309,"jane smith     ",NULL
4310,"jane smith     ",NULL
4311,"jane smith     ",NULL
4312,"jane smith     ",NULL
4313,"jane smith     ",NULL
4314,"jane smith     ",NULL
4315,"jane smith     ",NULL
4316,"jane smith     ",NULL
4317,"jane smith     ",NULL
4318,"jane smith     ",NULL
4319,"jane smith     ",NULL
4320,"jane smith     ",NULL
4321,"jane smith     ",NULL
4322,"jane smith     ",NULL
4323,"jane smith     ",NULL
4324,"jane smith     ",NULL
4325,"jane smith     ",NULL
4326,"jane smith     ",NULL
4327,"jane smith     ",NULL
4328,"jane smith     ",NULL
4329,"jane smith     ",NULL
4330,"jane smith     ",NULL
4331,"jane smith     ",NULL
4332,"jane smith     ",NULL
4333,"jane smith     ",NULL
4334,"jane smith     ",NULL
4335,"jane smith     ",NULL
4336,"jane smith     ",NULL
4337,"jane smith     ",NULL
4338,"jane smith     ",NULL
4339,"jane smith     ",NULL
4340,"jane smith     ",NULL
4341,"jane smith     ",NULL
4342,"jane smith     ",NULL
4343,"jane smith     ",NULL
4344,"jane smith     ",NULL
4345,"jane smith     ",NULL
4346,"jane smith     ",NULL
4347,"jane smith     ",NULL
4348,"jane smith     ",NULL
4349,"jane smith     ",NULL
4350,"jane smith     ",NULL
4351,"jane smith     ",NULL
4352,"jane smith     ",NULL
4353,"jane smith     ",NULL
4354,"jane smith     ",NULL
4355,"jane smith     ",NULL
4356,"jane smith     ",NULL
4357,"jane smith     ",NULL
4358,"jane smith     ",NULL
4359,"jane smith     ",NULL
4360,"jane smith     ",NULL
4361,"jane smith     ",NULL
4362,"jane smith     ",NULL
4363,"jane smith     ",NULL
4364,"jane smith     ",NULL
4365,"jane smith     ",NULL
4366,"jane smith     ",NULL
4367,"jane smith     ",NULL
4368,"jane smith     ",NULL
4369,"jane smith     ",NULL
4370,"jane smith     ",NULL
4371,"jane smith     ",NULL
4372,"jane smith     ",NULL
4373,"jane smith     ",NULL
4374,"jane smith     ",NULL
4375,"jane smith     ",NULL
4376,"jane smith     ",NULL
4377,"jane smith     ",NULL
4378,"jane smith     ",NULL
4379,"jane smith     ",NULL
4380,"jane smith     ",NULL
4381,"jane smith     ",NULL
4382,"jane smith     ",NULL
4383,"jane smith     ",NULL
4384,"jane smith     ",NULL
4385,"jane smith     ",NULL
4386,"jane smith     ",NULL
4387,"jane smith     ",NULL
4388,"jane smith     ",NULL
4389,"jane smith     ",NULL
4390,"jane smith     ",NULL
4391,"jane smith     ",NULL
4392,"jane smith     ",NULL
4393,"jane smith     ",NULL
4394,"jane smith     ",NULL
4395,"jane smith     ",NULL
4396,"jane smith     ",NULL
4397,"jane smith     ",NULL
4398,"jane smith     ",NULL
4399,"jane smith     ",NULL
4400,"jane smith     ",NULL
4401,"jane smith     ",NULL
4402,"jane smith     ",NULL
4403,"jane smith     ",NULL
4404,"jane smith     ",NULL
4405,"jane smith     ",NULL
4406,"jane smith     ",NULL
4407,"jane smith     ",NULL
4408,"jane smith     ",NULL
4409,"jane smith     ",NULL
4410,"jane smith     ",NULL
4411,"jane smith     ",NULL
4412,"jane smith     ",NULL
4413,"jane smith     ",NULL
4414,"jane smith     ",NULL
4415,"jane smith     ",NULL
4416,"jane smith     ",NULL
4417,"jane smith     ",NULL
4418,"jane smith     ",NULL
4419,"jane smith     ",NULL
4420,"jane smith     ",NULL
4421,"jane smith     ",NULL
4422,"jane smith     ",NULL
4423,"jane smith     ",NULL
4424,"jane smith     ",NULL
4425,"jane smith     ",NULL
4426,"jane smith     ",NULL
4427,"jane smith     ",NULL
4428,"jane smith     ",NULL
4429,"jane smith     ",NULL
4430,"jane smith     ",NULL
4431,"jane smith     ",NULL
4432,"jane smith     ",NULL
4433,"jane smith     ",NULL
4434,"jane smith     ",NULL
4435,"jane smith     ",NULL
4436,"jane smith     ",NULL
4437,"jane smith     ",NULL
4438,"jane smith     ",NULL
4439,"jane smith     ",NULL
4440,"jane smith     ",NULL
4441,"jane smith     ",NULL
4442,"jane smith     ",NULL
4443,"jane smith     ",NULL
4444,"jane smith     ",NULL
4445,"jane smith     ",NULL
4446,"jane smith     ",NULL
4447,"jane smith     ",NULL
4448,"jane smith     ",NULL
4449,"jane smith     ",NULL
4450,"jane smith     ",NULL
4451,"jane smith     ",NULL
4452,"jane smith     ",NULL
4453,"jane smith     ",NULL
4454,"jane smith     ",NULL
4455,"jane smith     ",NULL
4456,"jane smith     ",NULL
4457,"jane smith     ",NULL
4458,"jane smith     ",NULL
4459,"jane smith     ",NULL
4460,"jane smith     ",NULL
4461,"jane smith     ",NULL
4462,"jane smith     ",NULL
4463,"jane smith     ",NULL
4464,"jane smith     ",NULL
4465,"jane smith     ",NULL
4466,"jane smith     ",NULL
4467,"jane smith     ",NULL
4468,"jane smith     ",NULL
4469,"jane smith     ",NULL
4470,"jane smith     ",NULL
4471,"jane smith     ",NULL
4472,"jane smith     ",NULL
4473,"jane smith     ",NULL
4474,"jane smith     ",NULL
4475,"jane smith     ",NULL
4476,"jane smith     ",NULL
4477,"jane smith     ",NULL
4478,"jane smith     ",NULL
4479,"jane smith     ",NULL
4480,"jane smith     ",NULL
4481,"jane smith     ",NULL
4482,"jane smith     ",NULL
4483,"jane smith     ",NULL
4484,"jane smith     ",NULL
4485,"jane smith     ",NULL
4486,"jane smith     ",NULL
4487,"jane smith     ",NULL
4488,"jane smith     ",NULL
4489,"jane smith     ",NULL
4490,"jane smith     ",NULL
4491,"jane smith     ",NULL
4492,"jane smith     ",NULL
4493,"jane smith     ",NULL
4494,"jane smith     ",NULL
4495,"jane smith     ",NULL
4496,"jane smith     ",NULL
4497,"jane smith     ",NULL
4498,"jane smith     ",NULL
4499,"jane smith     ",NULL
4500,"jane smith     ",NULL
4501,"jane smith     ",NULL
4502,"jane smith     ",NULL
4503,"jane smith     ",NULL
4504,"jane smith     ",NULL
4505,"jane smith     ",NULL
4506,"jane smith     ",NULL
4507,"jane smith     ",NULL
4508,"jane smith     ",NULL
4509,"jane smith     ",NULL
4510,"jane smith     ",NULL
4511,"jane smith     ",NULL
4512,"jane smith     ",NULL
4513,"jane smith     ",NULL
4514,"jane smith     ",NULL
4515,"jane smith     ",NULL
4516,"jane smith     ",NULL
4517,"jane smith     ",NULL
4518,"jane smith     ",NULL
4519,"jane smith     ",NULL
4520,"jane smith     ",NULL
4521,"jane smith     ",NULL
4522,"jane smith     ",NULL
4523,"jane smith     ",NULL
4524,"jane smith     ",NULL
4525,"jane smith     ",NULL
4526,"jane smith     ",NULL
4527,"jane smith     ",NULL
4528,"jane smith     ",NULL
4529,"jane smith     ",NULL
4530,"jane smith     ",NULL
4531,"jane smith     ",NULL
4532,"jane smith     ",NULL
4533,"jane smith     ",NULL
4534,"jane smith     ",NULL
4535,"jane smith     ",NULL
4536,"jane smith     ",NULL
4537,"jane smith     ",NULL
4538,"jane smith     ",NULL
4539,"jane smith     ",NULL
4540,"jane smith     ",NULL
4541,"jane smith     ",NULL
4542,"jane smith     ",NULL
4543,"jane smith     ",NULL
4544,"jane smith     ",NULL
4545,"jane smith     ",NULL
4546,"jane smith     ",NULL
4547,"jane smith     ",NULL
4548,"jane smith     ",NULL
4549,"jane smith     ",NULL
4550,"jane smith     ",NULL
4551,"jane smith     ",NULL
4552,"jane smith     ",NULL
4553,"jane smith     ",NULL
4554,"jane smith     ",NULL
4555,"jane smith     ",NULL
4556,"jane smith     ",NULL
4557,"jane smith     ",NULL
4558,"jane smith     ",NULL
4559,"jane smith     ",NULL
4560,"jane smith     ",NULL
4561,"jane smith     ",NULL
4562,"jane smith     ",NULL
4563,"jane smith     ",NULL
4564,"jane smith     ",NULL
4565,"jane smith     ",NULL
4566,"jane smith     ",NULL
4567,"jane smith     ",NULL
4568,"jane smith     ",NULL
4569,"jane smith     ",NULL
4570,"jane smith     ",NULL
4571,"jane smith     ",NULL
4572,"jane smith     ",NULL
4573,"jane smith     ",NULL
4574,"jane smith     ",NULL
4575,"jane smith     ",NULL
4576,"jane smith     ",NULL
4577,"jane smith     ",NULL
4578,"jane smith     ",NULL
4579,"jane smith     ",NULL
4580,"jane smith     ",NULL
4581,"jane smith     ",NULL
4582,"jane smith     ",NULL
4583,"jane smith     ",NULL
4584,"jane smith     ",NULL
4585,"jane smith     ",NULL
4586,"jane smith     ",NULL
4587,"jane smith     ",NULL
4588,"jane smith     ",NULL
4589,"jane smith     ",NULL
4590,"jane smith     ",NULL
4591,"jane smith     ",NULL
4592,"jane smith     ",NULL
4593,"jane smith     ",NULL
4594,"jane smith     ",NULL
4595,"jane smith     ",NULL
4596,"jane smith     ",NULL
4597,"jane smith     ",NULL
4598,"jane smith     ",NULL
4599,"jane smith     ",NULL
4600,"jane smith     ",NULL
4601,"jane smith     ",NULL
4602,"jane smith     ",NULL
4603,"jane smith     ",NULL
4604,"jane smith     ",NULL
4605,"jane smith     ",NULL
4606,"jane smith     ",NULL
4607,"jane smith     ",NULL
4608,"jane smith     ",NULL
4609,"jane smith     ",NULL
4610,"jane smith     ",NULL
4611,"jane smith     ",NULL
4612,"jane smith     ",NULL
4613,"jane smith     ",NULL
4614,"jane smith     ",NULL
4615,"jane smith     ",NULL
4616,"jane smith     ",NULL
4617,"jane smith     ",NULL
4618,"jane smith     ",NULL
4619,"jane smith     ",NULL
4620,"jane smith     ",NULL
4621,"jane smith     ",NULL
4622,"jane smith     ",NULL
4623,"jane smith     ",NULL
4624,"jane smith     ",NULL
4625,"jane smith     ",NULL
4626,"jane smith     ",NULL
4627,"jane smith     ",NULL
4628,"jane smith     ",NULL
4629,"jane smith     ",NULL
4630,"jane smith     ",NULL
4631,"jane smith     ",NULL
4632,"jane smith     ",NULL
4633,"jane smith     ",NULL
4634,"jane smith     ",NULL
4635,"jane smith     ",NULL
4636,"jane smith     ",NULL
4637,"jane smith     ",NULL
4638,"jane smith     ",NULL
4639,"jane smith     ",NULL
4640,"jane smith     ",NULL
4641,"jane smith     ",NULL
4642,"jane smith     ",NULL
4643,"jane smith     ",NULL
4644,"jane smith     ",NULL
4645,"jane smith     ",NULL
4646,"jane smith     ",NULL
4647,"jane smith     ",NULL
4648,"jane smith     ",NULL
4649,"jane smith     ",NULL
4650,"jane smith     ",NULL
4651,"jane smith     ",NULL
4652,"jane smith     ",NULL
4653,"jane smith     ",NULL
4654,"jane smith     ",NULL
4655,"jane smith     ",NULL
4656,"jane smith     ",NULL
4657,"jane smith     ",NULL
4658,"jane smith     ",NULL
4659,"jane smith     ",NULL
4660,"jane smith     ",NULL
4661,"jane smith     ",NULL
4662,"jane smith     ",NULL
4663,"jane smith     ",NULL
4664,"jane smith     ",NULL
4665,"jane smith     ",NULL
4666,"jane smith     ",NULL
4667,"jane smith     ",NULL
4668,"jane smith     ",NULL
4669,"jane smith     ",NULL
4670,"jane smith     ",NULL
4671,"jane smith     ",NULL
4672,"jane smith     ",NULL
4673,"jane smith     ",NULL
4674,"jane smith     ",NULL
4675,"jane smith     ",NULL
4676,"jane smith     ",NULL
4677,"jane smith     ",NULL
4678,"jane smith     ",NULL
4679,"jane smith     ",NULL
4680,"jane smith     ",NULL
4681,"jane smith     ",NULL
4682,"jane smith     ",NULL
4683,"jane smith     ",NULL
4684,"jane smith     ",NULL
4685,"jane smith     ",NULL
4686,"jane smith     ",NULL
4687,"jane smith     ",NULL
4688,"jane smith     ",NULL
4689,"jane smith     ",NULL
4690,"jane smith     ",NULL
4691,"jane smith     ",NULL
4692,"jane smith     ",NULL
4693,"jane smith     ",NULL
4694,"jane smith     ",NULL
4695,"jane smith     ",NULL
4696,"jane smith     ",NULL
4697,"jane smith     ",NULL
4698,"jane smith     ",NULL
4699,"jane smith     ",NULL
4700,"jane smith     ",NULL
4701,"jane smith     ",NULL
4702,"jane smith     ",NULL
4703,"jane smith     ",NULL
4704,"jane smith     ",NULL
4705,"jane smith     ",NULL
4706,"jane smith     ",NULL
4707,"jane smith     ",NULL
4708,"jane smith     ",NULL
4709,"jane smith     ",NULL
4710,"jane smith     ",NULL
4711,"jane smith     ",NULL
4712,"jane smith     ",NULL
4713,"jane smith     ",NULL
4714,"jane smith     ",NULL
4715,"jane smith     ",NULL
4716,"jane smith     ",NULL
4717,"jane smith     ",NULL
4718,"jane smith     ",NULL
4719,"jane smith     ",NULL
4720,"jane smith     ",NULL
4721,"jane smith     ",NULL
4722,"jane smith     ",NULL
4723,"jane smith     ",NULL
4724,"jane smith     ",NULL
4725,"jane smith     ",NULL
4726,"jane smith     ",NULL
4727,"jane smith     ",NULL
4728,"jane smith     ",NULL
4729,"jane smith     ",NULL
4730,"jane smith     ",NULL
4731,"jane smith     ",NULL
4732,"jane smith     ",NULL
4733,"jane smith     ",NULL
4734,"jane smith     ",NULL
4735,"jane smith     ",NULL
4736,"jane smith     ",NULL
4737,"jane smith     ",NULL
4738,"jane smith     ",NULL
4739,"jane smith     ",NULL
4740,"jane smith     ",NULL
4741,"jane smith     ",NULL
4742,"jane smith     ",NULL
4743,"jane smith     ",NULL
4744,"jane smith     ",NULL
4745,"jane smith     ",NULL
4746,"jane smith     ",NULL
4747,"jane smith     ",NULL
4748,"jane smith     ",NULL
4749,"jane smith     ",NULL
4750,"jane smith     ",NULL
4751,"jane smith     ",NULL
4752,"jane smith     ",NULL
4753,"jane smith     ",NULL
4754,"jane smith     ",NULL
4755,"jane smith     ",NULL
4756,"jane smith     ",NULL
4757,"jane smith     ",NULL
4758,"jane smith     ",NULL
4759,"jane smith     ",NULL
4760,"jane smith     ",NULL
4761,"jane smith     ",NULL
4762,"jane smith     ",NULL
4763,"jane smith     ",NULL
4764,"jane smith     ",NULL
4765,"jane smith     ",NULL
4766,"jane smith     ",NULL
4767,"jane smith     ",NULL
4768,"jane smith     ",NULL
4769,"jane smith     ",NULL
4770,"jane smith     ",NULL
4771,"jane smith     ",NULL
4772,"jane smith     ",NULL
4773,"jane smith     ",NULL
4774,"jane smith     ",NULL
4775,"jane smith     ",NULL
4776,"jane smith     ",NULL
4777,"jane smith     ",NULL
4778,"jane smith     ",NULL
4779,"jane smith     ",NULL
4780,"jane smith     ",NULL
4781,"jane smith     ",NULL
4782,"jane smith     ",NULL
4783,"jane smith     ",NULL
4784,"jane smith     ",NULL
4785,"jane smith     ",NULL
4786,"jane smith     ",NULL
4787,"jane smith     ",NULL
4788,"jane smith     ",NULL
4789,"jane smith     ",NULL
4790,"jane smith     ",NULL
4791,"jane smith     ",NULL
4792,"jane smith     ",NULL
4793,"jane smith     ",NULL
4794,"jane smith     ",NULL
4795,"jane smith     ",NULL
4796,"jane smith     ",NULL
4797,"jane smith     ",NULL
4798,"jane smith     ",NULL
4799,"jane smith     ",NULL
4800,"jane smith     ",NULL
4801,"jane smith     ",NULL
4802,"jane smith     ",NULL
4803,"jane smith     ",NULL
4804,"jane smith     ",NULL
4805,"jane smith     ",NULL
4806,"jane smith     ",NULL
4807,"jane smith     ",NULL
4808,"jane smith     ",NULL
4809,"jane smith     ",NULL
4810,"jane smith     ",NULL
4811,"jane smith     ",NULL
4812,"jane smith     ",NULL
4813,"jane smith     ",NULL
4814,"jane smith     ",NULL
4815,"jane smith     ",NULL
4816,"jane smith     ",NULL
4817,"jane smith     ",NULL
4818,"jane smith     ",NULL
4819,"jane smith     ",NULL
4820,"jane smith     ",NULL
4821,"jane smith     ",NULL
4822,"jane smith     ",NULL
4823,"jane smith     ",NULL
4824,"jane smith     ",NULL
4825,"jane smith     ",NULL
4826,"jane smith     ",NULL
4827,"jane smith     ",NULL
4828,"jane smith     ",NULL
4829,"jane smith     ",NULL
4830,"jane smith     ",NULL
4831,"jane smith     ",NULL
4832,"jane smith     ",NULL
4833,"jane smith     ",NULL
4834,"jane smith     ",NULL
4835,"jane smith     ",NULL
4836,"jane smith     ",NULL
4837,"jane smith     ",NULL
4838,"jane smith     ",NULL
4839,"jane smith     ",NULL
4840,"jane smith     ",NULL
4841,"jane smith     ",NULL
4842,"jane smith     ",NULL
4843,"jane smith     ",NULL
4844,"jane smith     ",NULL
4845,"jane smith     ",NULL
4846,"jane smith     ",NULL
4847,"jane smith     ",NULL
4848,"jane smith     ",NULL
4849,"jane smith     ",NULL
4850,"jane smith     ",NULL
4851,"jane smith     ",NULL
4852,"jane smith     ",NULL
4853,"jane smith     ",NULL
4854,"jane smith     ",NULL
4855,"jane smith     ",NULL
4856,"jane smith     ",NULL
4857,"jane smith     ",NULL
4858,"jane smith     ",NULL
4859,"jane smith     ",NULL
4860,"jane smith     ",NULL
4861,"jane smith     ",NULL
4862,"jane smith     ",NULL
4863,"jane smith     ",NULL
4864,"jane smith     ",NULL
4865,"jane smith     ",NULL
4866,"jane smith     ",NULL
4867,"jane smith     ",NULL
4868,"jane smith     ",NULL
4869,"jane smith     ",NULL
4870,"jane smith     ",NULL
4871,"jane smith     ",NULL
4872,"jane smith     ",NULL
4873,"jane smith     ",NULL
4874,"jane smith     ",NULL
4875,"jane smith     ",NULL
4876,"jane smith     ",NULL
4877,"jane smith     ",NULL
4878,"jane smith     ",NULL
4879,"jane smith     ",NULL
4880,"jane smith     ",NULL
4881,"jane smith     ",NULL
4882,"jane smith     ",NULL
4883,"jane smith     ",NULL
4884,"jane smith     ",NULL
4885,"jane smith     ",NULL
4886,"jane smith     ",NULL
4887,"jane smith     ",NULL
4888,"jane smith     ",NULL
4889,"jane smith     ",NULL
4890,"jane smith     ",NULL
4891,"jane smith     ",NULL
4892,"jane smith     ",NULL
4893,"jane smith     ",NULL
4894,"jane smith     ",NULL
4895,"jane smith     ",NULL
4896,"jane smith     ",NULL
4897,"jane smith     ",NULL
4898,"jane smith     ",NULL
4899,"jane smith     ",NULL
4900,"jane smith     ",NULL
4901,"jane smith     ",NULL
4902,"jane smith     ",NULL
4903,"jane smith     ",NULL
4904,"jane smith     ",NULL
4905,"jane smith     ",NULL
4906,"jane smith     ",NULL
4907,"jane smith     ",NULL
4908,"jane smith     ",NULL
4909,"jane smith     ",NULL
4910,"jane smith     ",NULL
4911,"jane smith     ",NULL
4912,"jane smith     ",NULL
4913,"jane smith     ",NULL
4914,"jane smith     ",NULL
4915,"jane smith     ",NULL
4916,"jane smith     ",NULL
4917,"jane smith     ",NULL
4918,"jane smith     ",NULL
4919,"jane smith     ",NULL
4920,"jane smith     ",NULL
4921,"jane smith     ",NULL
4922,"jane smith     ",NULL
4923,"jane smith     ",NULL
4924,"jane smith     ",NULL
4925,"jane smith     ",NULL
4926,"jane smith     ",NULL
4927,"jane smith     ",NULL
4928,"jane smith     ",NULL
4929,"jane smith     ",NULL
4930,"jane smith     ",NULL
4931,"jane smith     ",NULL
4932,"jane smith     ",NULL
4933,"jane smith     ",NULL
4934,"jane smith     ",NULL
4935,"jane smith     ",NULL
4936,"jane smith     ",NULL
4937,"jane smith     ",NULL
4938,"jane smith     ",NULL
4939,"jane smith     ",NULL
4940,"jane smith     ",NULL
4941,"jane smith     ",NULL
4942,"jane smith     ",NULL
4943,"jane smith     ",NULL
4944,"jane smith     ",NULL
4945,"jane smith     ",NULL
4946,"jane smith     ",NULL
4947,"jane smith     ",NULL
4948,"jane smith     ",NULL
4949,"jane smith     ",NULL
4950,"jane smith     ",NULL
4951,"jane smith     ",NULL
4952,"jane smith     ",NULL
4953,"jane smith     ",NULL
4954,"jane smith     ",NULL
4955,"jane smith     ",NULL
4956,"jane smith     ",NULL
4957,"jane smith     ",NULL
4958,"jane smith     ",NULL
4959,"jane smith     ",NULL
4960,"jane smith     ",NULL
4961,"jane smith     ",NULL
4962,"jane smith     ",NULL
4963,"jane smith     ",NULL
4964,"jane smith     ",NULL
4965,"jane smith     ",NULL
4966,"jane smith     ",NULL
4967,"jane smith     ",NULL
4968,"jane smith     ",NULL
4969,"jane smith     ",NULL
4970,"jane smith     ",NULL
4971,"jane smith     ",NULL
4972,"jane smith     ",NULL
4973,"jane smith     ",NULL
4974,"jane smith     ",NULL
4975,"jane smith     ",NULL
4976,"jane smith     ",NULL
4977,"jane smith     ",NULL
4978,"jane smith     ",NULL
4979,"jane smith     ",NULL
4980,"jane smith     ",NULL
4981,"jane smith     ",NULL
4982,"jane smith     ",NULL
4983,"jane smith     ",NULL
4984,"jane smith     ",NULL
4985,"jane smith     ",NULL
4986,"jane smith     ",NULL
4987,"jane smith     ",NULL
4988,"jane smith     ",NULL
4989,"jane smith     ",NULL
4990,"jane smith     ",NULL
4991,"jane smith     ",NULL
4992,"jane smith     ",NULL
4993,"jane smith     ",NULL
4994,"jane smith     ",NULL
4995,"jane smith     ",NULL
4996,"jane smith     ",NULL
4997,"jane smith     ",NULL
4998,"jane smith     ",NULL
4999,"jane smith     ",NULL
5000,"jane smith     ",NULL
5001,"jane smith     ",NULL
5002,"jane smith     ",NULL
5003,"jane smith     ",NULL
5004,"jane smith     ",NULL
5005,"jane smith     ",NULL
5006,"jane smith     ",NULL
5007,"jane smith     ",NULL
5008,"jane smith     ",NULL
5009,"jane smith     ",NULL
5010,"jane smith     ",NULL
5011,"jane smith     ",NULL
5012,"jane smith     ",NULL
5013,"jane smith     ",NULL
5014,"jane smith     ",NULL
5015,"jane smith     ",NULL
5016,"jane smith     ",NULL
5017,"jane smith     ",NULL
5018,"jane smith     ",NULL
5019,"jane smith     ",NULL
5020,"jane smith     ",NULL
5021,"jane smith     ",NULL
5022,"jane smith     ",NULL
5023,"jane smith     ",NULL
5024,"jane smith     ",NULL
5025,"jane smith     ",NULL
5026,"jane smith     ",NULL
5027,"jane smith     ",NULL
5028,"jane smith     ",NULL
5029,"jane smith     ",NULL
5030,"jane smith     ",NULL
5031,"jane smith     ",NULL
5032,"jane smith     ",NULL
5033,"jane smith     ",NULL
5034,"jane smith     ",NULL
5035,"jane smith     ",NULL
5036,"jane smith     ",NULL
5037,"jane smith     ",NULL
5038,"jane smith     ",NULL
5039,"jane smith     ",NULL
5040,"jane smith     ",NULL
5041,"jane smith     ",NULL
5042,"jane smith     ",NULL
5043,"jane smith     ",NULL
5044,"jane smith     ",NULL
5045,"jane smith     ",NULL
5046,"jane smith     ",NULL
5047,"jane smith     ",NULL
5048,"jane smith     ",NULL
5049,"jane smith     ",NULL
5050,"jane smith     ",NULL
5051,"jane smith     ",NULL
5052,"jane smith     ",NULL
5053,"jane smith     ",NULL
5054,"jane smith     ",NULL
5055,"jane smith     ",NULL
5056,"jane smith     ",NULL
5057,"jane smith     ",NULL
5058,"jane smith     ",NULL
5059,"jane smith     ",NULL
5060,"jane smith     ",NULL
5061,"jane smith     ",NULL
5062,"jane smith     ",NULL
5063,"jane smith     ",NULL
5064,"jane smith     ",NULL
5065,"jane smith     ",NULL
5066,"jane smith     ",NULL
5067,"jane smith     ",NULL
5068,"jane smith     ",NULL
5069,"jane smith     ",NULL
5070,"jane smith     ",NULL
5071,"jane smith     ",NULL
5072,"jane smith     ",NULL
5073,"jane smith     ",NULL
5074,"jane smith     ",NULL
5075,"jane smith     ",NULL
5076,"jane smith     ",NULL
5077,"jane smith     ",NULL
5078,"jane smith     ",NULL
5079,"jane smith     ",NULL
5080,"jane smith     ",NULL
5081,"jane smith     ",NULL
5082,"jane smith     ",NULL
5083,"jane smith     ",NULL
5084,"jane smith     ",NULL
5085,"jane smith     ",NULL
5086,"jane smith     ",NULL
5087,"jane smith     ",NULL
5088,"jane smith     ",NULL
5089,"jane smith     ",NULL
5090,"jane smith     ",NULL
5091,"jane smith     ",NULL
5092,"jane smith     ",NULL
5093,"jane smith     ",NULL
5094,"jane smith     ",NULL
5095,"jane smith     ",NULL
5096,"jane smith     ",NULL
5097,"jane smith     ",NULL
5098,"jane smith     ",NULL
5099,"jane smith     ",NULL
5100,"jane smith     ",NULL
5101,"jane smith     ",NULL
5102,"jane smith     ",NULL
5103,"jane smith     ",NULL
5104,"jane smith     ",NULL
5105,"jane smith     ",NULL
5106,"jane smith     ",NULL
5107,"jane smith     ",NULL
5108,"jane smith     ",NULL
5109,"jane smith     ",NULL
5110,"jane smith     ",NULL
5111,"jane smith     ",NULL
5112,"jane smith     ",NULL
5113,"jane smith     ",NULL
5114,"jane smith     ",NULL
5115,"jane smith     ",NULL
5116,"jane smith     ",NULL
5117,"jane smith     ",NULL
5118,"jane smith     ",NULL
5119,"jane smith     ",NULL
5120,"jane smith     ",NULL
5121,"jane smith     ",NULL
5122,"jane smith     ",NULL
5123,"jane smith     ",NULL
5124,"jane smith     ",NULL
5125,"jane smith     ",NULL
5126,"jane smith     ",NULL
5127,"jane smith     ",NULL
5128,"jane smith     ",NULL
5129,"jane smith     ",NULL
5130,"jane smith     ",NULL
5131,"jane smith     ",NULL
5132,"jane smith     ",NULL
5133,"jane smith     ",NULL
5134,"jane smith     ",NULL
5135,"jane smith     ",NULL
5136,"jane smith     ",NULL
5137,"jane smith     ",NULL
5138,"jane smith     ",NULL
5139,"jane smith     ",NULL
5140,"jane smith     ",NULL
5141,"jane smith     ",NULL
5142,"jane smith     ",NULL
5143,"jane smith     ",NULL
5144,"jane smith     ",NULL
5145,"jane smith     ",NULL
5146,"jane smith     ",NULL
5147,"jane smith     ",NULL
5148,"jane smith     ",NULL
5149,"jane smith     ",NULL
5150,"jane smith     ",NULL
5151,"jane smith     ",NULL
5152,"jane smith     ",NULL
5153,"jane smith     ",NULL
5154,"jane smith     ",NULL
5155,"jane smith     ",NULL
5156,"jane smith     ",NULL
5157,"jane smith     ",NULL
5158,"jane smith     ",NULL
5159,"jane smith     ",NULL
5160,"jane smith     ",NULL
5161,"jane smith     ",NULL
5162,"jane smith     ",NULL
5163,"jane smith     ",NULL
5164,"jane smith     ",NULL
5165,"jane smith     ",NULL
5166,"jane smith     ",NULL
5167,"jane smith     ",NULL
5168,"jane smith     ",NULL
5169,"jane smith     ",NULL
5170,"jane smith     ",NULL
5171,"jane smith     ",NULL
5172,"jane smith     ",NULL
5173,"jane smith     ",NULL
5174,"jane smith     ",NULL
5175,"jane smith     ",NULL
5176,"jane smith     ",NULL
5177,"jane smith     ",NULL
5178,"jane smith     ",NULL
5179,"jane smith     ",NULL
5180,"jane smith     ",NULL
5181,"jane smith     ",NULL
5182,"jane smith     ",NULL
5183,"jane smith     ",NULL
5184,"jane smith     ",NULL
5185,"jane smith     ",NULL
5186,"jane smith     ",NULL
5187,"jane smith     ",NULL
5188,"jane smith     ",NULL
5189,"jane smith     ",NULL
5190,"jane smith     ",NULL
5191,"jane smith     ",NULL
5192,"jane smith     ",NULL
5193,"jane smith     ",NULL
5194,"jane smith     ",NULL
5195,"jane smith     ",NULL
5196,"jane smith     ",NULL
5197,"jane smith     ",NULL
5198,"jane smith     ",NULL
5199,"jane smith     ",NULL
5200,"jane smith     ",NULL
5201,"jane smith     ",NULL
5202,"jane smith     ",NULL
5203,"jane smith     ",NULL
5204,"jane smith     ",NULL
5205,"jane smith     ",NULL
5206,"jane smith     ",NULL
5207,"jane smith     ",NULL
5208,"jane smith     ",NULL
5209,"jane smith     ",NULL
5210,"jane smith     ",NULL
5211,"jane smith     ",NULL
5212,"jane smith     ",NULL
5213,"jane smith     ",NULL
5214,"jane smith     ",NULL
5215,"jane smith     ",NULL
5216,"jane smith     ",NULL
5217,"jane smith     ",NULL
5218,"jane smith     ",NULL
5219,"jane smith     ",NULL
5220,"jane smith     ",NULL
5221,"jane smith     ",NULL
5222,"jane smith     ",NULL
5223,"jane smith     ",NULL
5224,"jane smith     ",NULL
5225,"jane smith     ",NULL
5226,"jane smith     ",NULL
5227,"jane smith     ",NULL
5228,"jane smith     ",NULL
5229,"jane smith     ",NULL
5230,"jane smith     ",NULL
5231,"jane smith     ",NULL
5232,"jane smith     ",NULL
5233,"jane smith     ",NULL
5234,"jane smith     ",NULL
5235,"jane smith     ",NULL
5236,"jane smith     ",NULL
5237,"jane smith     ",NULL
5238,"jane smith     ",NULL
5239,"jane smith     ",NULL
5240,"jane smith     ",NULL
5241,"jane smith     ",NULL
5242,"jane smith     ",NULL
5243,"jane smith     ",NULL
5244,"jane smith     ",NULL
5245,"jane smith     ",NULL
5246,"jane smith     ",NULL
5247,"jane smith     ",NULL
5248,"jane smith     ",NULL
5249,"jane smith     ",NULL
5250,"jane smith     ",NULL
5251,"jane smith     ",NULL
5252,"jane smith     ",NULL
5253,"jane smith     ",NULL
5254,"jane smith     ",NULL
5255,"jane smith     ",NULL
5256,"jane smith     ",NULL
5257,"jane smith     ",NULL
5258,"jane smith     ",NULL
5259,"jane smith     ",NULL
5260,"jane smith     ",NULL
5261,"jane smith     ",NULL
5262,"jane smith     ",NULL
5263,"jane smith     ",NULL
5264,"jane smith     ",NULL
5265,"jane smith     ",NULL
5266,"jane smith     ",NULL
5267,"jane smith     ",NULL
5268,"jane smith     ",NULL
5269,"jane smith     ",NULL
5270,"jane smith     ",NULL
5271,"jane smith     ",NULL
5272,"jane smith     ",NULL
5273,"jane smith     ",NULL
5274,"jane smith     ",NULL
5275,"jane smith     ",NULL
5276,"jane smith     ",NULL
5277,"jane smith     ",NULL
5278,"jane smith     ",NULL
5279,"jane smith     ",NULL
5280,"jane smith     ",NULL
5281,"jane smith     ",NULL
5282,"jane smith     ",NULL
5283,"jane smith     ",NULL
5284,"jane smith     ",NULL
5285,"jane smith     ",NULL
5286,"jane smith     ",NULL
5287,"jane smith     ",NULL
5288,"jane smith     ",NULL
5289,"jane smith     ",NULL
5290,"jane smith     ",NULL
5291,"jane smith     ",NULL
5292,"jane smith     ",NULL
5293,"jane smith     ",NULL
5294,"jane smith     ",NULL
5295,"jane smith     ",NULL
5296,"jane smith     ",NULL
5297,"jane smith     ",NULL
5298,"jane smith     ",NULL
5299,"jane smith     ",NULL
5300,"jane smith     ",NULL
5301,"jane smith     ",NULL
5302,"jane smith     ",NULL
5303,"jane smith     ",NULL
5304,"jane smith     ",NULL
5305,"jane smith     ",NULL
5306,"jane smith     ",NULL
5307,"jane smith     ",NULL
5308,"jane smith     ",NULL
5309,"jane smith     ",NULL
5310,"jane smith     ",NULL
5311,"jane smith     ",NULL
5312,"jane smith     ",NULL
5313,"jane smith     ",NULL
5314,"jane smith     ",NULL
5315,"jane smith     ",NULL
5316,"jane smith     ",NULL
5317,"jane smith     ",NULL
5318,"jane smith     ",NULL
5319,"jane smith     ",NULL
5320,"jane smith     ",NULL
5321,"jane smith     ",NULL
5322,"jane smith     ",NULL
5323,"jane smith     ",NULL
5324,"jane smith     ",NULL
5325,"jane smith     ",NULL
5326,"jane smith     ",NULL
5327,"jane smith     ",NULL
5328,"jane smith     ",NULL
5329,"jane smith     ",NULL
5330,"jane smith     ",NULL
5331,"jane smith     ",NULL
5332,"jane smith     ",NULL
5333,"jane smith     ",NULL
5334,"jane smith     ",NULL
5335,"jane smith     ",NULL
5336,"jane smith     ",NULL
5337,"jane smith     ",NULL
5338,"jane smith     ",NULL
5339,"jane smith     ",NULL
5340,"jane smith     ",NULL
5341,"jane smith     ",NULL
5342,"jane smith     ",NULL
5343,"jane smith     ",NULL
5344,"jane smith     ",NULL
5345,"jane smith     ",NULL
5346,"jane smith     ",NULL
5347,"jane smith     ",NULL
5348,"jane smith     ",NULL
5349,"jane smith     ",NULL
5350,"jane smith     ",NULL
5351,"jane smith     ",NULL
5352,"jane smith     ",NULL
5353,"jane smith     ",NULL
5354,"jane smith     ",NULL
5355,"jane smith     ",NULL
5356,"jane smith     ",NULL
5357,"jane smith     ",NULL
5358,"jane smith     ",NULL
5359,"jane smith     ",NULL
5360,"jane smith     ",NULL
5361,"jane smith     ",NULL
5362,"jane smith     ",NULL
5363,"jane smith     ",NULL
5364,"jane smith     ",NULL
5365,"jane smith     ",NULL
5366,"jane smith     ",NULL
5367,"jane smith     ",NULL
5368,"jane smith     ",NULL
5369,"jane smith     ",NULL
5370,"jane smith     ",NULL
5371,"jane smith     ",NULL
5372,"jane smith     ",NULL
5373,"jane smith     ",NULL
5374,"jane smith     ",NULL
5375,"jane smith     ",NULL
5376,"jane smith     ",NULL
5377,"jane smith     ",NULL
5378,"jane smith     ",NULL
5379,"jane smith     ",NULL
5380,"jane smith     ",NULL
5381,"jane smith     ",NULL
5382,"jane smith     ",NULL
5383,"jane smith     ",NULL
5384,"jane smith     ",NULL
5385,"jane smith     ",NULL
5386,"jane smith     ",NULL
5387,"jane smith     ",NULL
5388,"jane smith     ",NULL
5389,"jane smith     ",NULL
5390,"jane smith     ",NULL
5391,"jane smith     ",NULL
5392,"jane smith     ",NULL
5393,"jane smith     ",NULL
5394,"jane smith     ",NULL
5395,"jane smith     ",NULL
5396,"jane smith     ",NULL
5397,"jane smith     ",NULL
5398,"jane smith     ",NULL
5399,"jane smith     ",NULL
5400,"jane smith     ",NULL
5401,"jane smith     ",NULL
5402,"jane smith     ",NULL
5403,"jane smith     ",NULL
5404,"jane smith     ",NULL
5405,"jane smith     ",NULL
5406,"jane smith     ",NULL
5407,"jane smith     ",NULL
5408,"jane smith     ",NULL
5409,"jane smith     ",NULL
5410,"jane smith     ",NULL
5411,"jane smith     ",NULL
5412,"jane smith     ",NULL
5413,"jane smith     ",NULL
5414,"jane smith     ",NULL
5415,"jane smith     ",NULL
5416,"jane smith     ",NULL
5417,"jane smith     ",NULL
5418,"jane smith     ",NULL
5419,"jane smith     ",NULL
5420,"jane smith     ",NULL
5421,"jane smith     ",NULL
5422,"jane smith     ",NULL
5423,"jane smith     ",NULL
5424,"jane smith     ",NULL
5425,"jane smith     ",NULL
5426,"jane smith     ",NULL
5427,"jane smith     ",NULL
5428,"jane smith     ",NULL
5429,"jane smith     ",NULL
5430,"jane smith     ",NULL
5431,"jane smith     ",NULL
5432,"jane smith     ",NULL
5433,"jane smith     ",NULL
5434,"jane smith     ",NULL
5435,"jane smith     ",NULL
5436,"jane smith     ",NULL
5437,"jane smith     ",NULL
5438,"jane smith     ",NULL
5439,"jane smith     ",NULL
5440,"jane smith     ",NULL
5441,"jane smith     ",NULL
5442,"jane smith     ",NULL
5443,"jane smith     ",NULL
5444,"jane smith     ",NULL
5445,"jane smith     ",NULL
5446,"jane smith     ",NULL
5447,"jane smith     ",NULL
5448,"jane smith     ",NULL
5449,"jane smith     ",NULL
5450,"jane smith     ",NULL
5451,"jane smith     ",NULL
5452,"jane smith     ",NULL
5453,"jane smith     ",NULL
5454,"jane smith     ",NULL
5455,"jane smith     ",NULL
5456,"jane smith     ",NULL
5457,"jane smith     ",NULL
5458,"jane smith     ",NULL
5459,"jane smith     ",NULL
5460,"jane smith     ",NULL
5461,"jane smith     ",NULL
5462,"jane smith     ",NULL
5463,"jane smith     ",NULL
5464,"jane smith     ",NULL
5465,"jane smith     ",NULL
5466,"jane smith     ",NULL
5467,"jane smith     ",NULL
5468,"jane smith     ",NULL
5469,"jane smith     ",NULL
5470,"jane smith     ",NULL
5471,"jane smith     ",NULL
5472,"jane smith     ",NULL
5473,"jane smith     ",NULL
5474,"jane smith     ",NULL
5475,"jane smith     ",NULL
5476,"jane smith     ",NULL
5477,"jane smith     ",NULL
5478,"jane smith     ",NULL
5479,"jane smith     ",NULL
5480,"jane smith     ",NULL
5481,"jane smith     ",NULL
5482,"jane smith     ",NULL
5483,"jane smith     ",NULL
5484,"jane smith     ",NULL
5485,"jane smith     ",NULL
5486,"jane smith     ",NULL
5487,"jane smith     ",NULL
5488,"jane smith     ",NULL
5489,"jane smith     ",NULL
5490,"jane smith     ",NULL
5491,"jane smith     ",NULL
5492,"jane smith     ",NULL
5493,"jane smith     ",NULL
5494,"jane smith     ",NULL
5495,"jane smith     ",NULL
5496,"jane smith     ",NULL
5497,"jane smith     ",NULL
5498,"jane smith     ",NULL
5499,"jane smith     ",NULL
5500,"jane smith     ",NULL
5501,"jane smith     ",NULL
5502,"jane smith     ",NULL
5503,"jane smith     ",NULL
5504,"jane smith     ",NULL
5505,"jane smith     ",NULL
5506,"jane smith     ",NULL
5507,"jane smith     ",NULL
5508,"jane smith     ",NULL
5509,"jane smith     ",NULL
5510,"jane smith     ",NULL
5511,"jane smith     ",NULL
5512,"jane smith     ",NULL
5513,"jane smith     ",NULL
5514,"jane smith     ",NULL
5515,"jane smith     ",NULL
5516,"jane smith     ",NULL
5517,"jane smith     ",NULL
5518,"jane smith     ",NULL
5519,"jane smith     ",NULL
5520,"jane smith     ",NULL
5521,"jane smith     ",NULL
5522,"jane smith     ",NULL
5523,"jane smith     ",NULL
5524,"jane smith     ",NULL
5525,"jane smith     ",NULL
5526,"jane smith     ",NULL
5527,"jane smith     ",NULL
5528,"jane smith     ",NULL
5529,"jane smith     ",NULL
5530,"jane smith     ",NULL
5531,"jane smith     ",NULL
5532,"jane smith     ",NULL
5533,"jane smith     ",NULL
5534,"jane smith     ",NULL
5535,"jane smith     ",NULL
5536,"jane smith     ",NULL
5537,"jane smith     ",NULL
5538,"jane smith     ",NULL
5539,"jane smith     ",NULL
5540,"jane smith     ",NULL
5541,"jane smith     ",NULL
5542,"jane smith     ",NULL
5543,"jane smith     ",NULL
5544,"jane smith     ",NULL
5545,"jane smith     ",NULL
5546,"jane smith     ",NULL
5547,"jane smith     ",NULL
5548,"jane smith     ",NULL
5549,"jane smith     ",NULL
5550,"jane smith     ",NULL
5551,"jane smith     ",NULL
5552,"jane smith     ",NULL
5553,"jane smith     ",NULL
5554,"jane smith     ",NULL
5555,"jane smith     ",NULL
5556,"jane smith     ",NULL
5557,"jane smith     ",NULL
5558,"jane smith     ",NULL
5559,"jane smith     ",NULL
5560,"jane smith     ",NULL
5561,"jane smith     ",NULL
5562,"jane smith     ",NULL
5563,"jane smith     ",NULL
5564,"jane smith     ",NULL
5565,"jane smith     ",NULL
5566,"jane smith     ",NULL
5567,"jane smith     ",NULL
5568,"jane smith     ",NULL
5569,"jane smith     ",NULL
5570,"jane smith     ",NULL
5571,"jane smith     ",NULL
5572,"jane smith     ",NULL
5573,"jane smith     ",NULL
5574,"jane smith     ",NULL
5575,"jane smith     ",NULL
5576,"jane smith     ",NULL
5577,"jane smith     ",NULL
5578,"jane smith     ",NULL
5579,"jane smith     ",NULL
5580,"jane smith     ",NULL
5581,"jane smith     ",NULL
5582,"jane smith     ",NULL
5583,"jane smith     ",NULL
5584,"jane smith     ",NULL
5585,"jane smith     ",NULL
5586,"jane smith     ",NULL
5587,"jane smith     ",NULL
5588,"jane smith     ",NULL
5589,"jane smith     ",NULL
5590,"jane smith     ",NULL
5591,"jane smith     ",NULL
5592,"jane smith     ",NULL
5593,"jane smith     ",NULL
5594,"jane smith     ",NULL
5595,"jane smith     ",NULL
5596,"jane smith     ",NULL
5597,"jane smith     ",NULL
5598,"jane smith     ",NULL
5599,"jane smith     ",NULL
5600,"jane smith     ",NULL
5601,"jane smith     ",NULL
5602,"jane smith     ",NULL
5603,"jane smith     ",NULL
5604,"jane smith     ",NULL
5605,"jane smith     ",NULL
5606,"jane smith     ",NULL
5607,"jane smith     ",NULL
5608,"jane smith     ",NULL
5609,"jane smith     ",NULL
5610,"jane smith     ",NULL
5611,"jane smith     ",NULL
5612,"jane smith     ",NULL
5613,"jane smith     ",NULL
5614,"jane smith     ",NULL
5615,"jane smith     ",NULL
5616,"jane smith     ",NULL
5617,"jane smith     ",NULL
5618,"jane smith     ",NULL
5619,"jane smith     ",NULL
5620,"jane smith     ",NULL
5621,"jane smith     ",NULL
5622,"jane smith     ",NULL
5623,"jane smith     ",NULL
5624,"jane smith     ",NULL
5625,"jane smith     ",NULL
5626,"jane smith     ",NULL
5627,"jane smith     ",NULL
5628,"jane smith     ",NULL
5629,"jane smith     ",NULL
5630,"jane smith     ",NULL
5631,"jane smith     ",NULL
5632,"jane smith     ",NULL
5633,"jane smith     ",NULL
5634,"jane smith     ",NULL
5635,"jane smith     ",NULL
5636,"jane smith     ",NULL
5637,"jane smith     ",NULL
5638,"jane smith     ",NULL
5639,"jane smith     ",NULL
5640,"jane smith     ",NULL
5641,"jane smith     ",NULL
5642,"jane smith     ",NULL
5643,"jane smith     ",NULL
5644,"jane smith     ",NULL
5645,"jane smith     ",NULL
5646,"jane smith     ",NULL
5647,"jane smith     ",NULL
5648,"jane smith     ",NULL
5649,"jane smith     ",NULL
5650,"jane smith     ",NULL
5651,"jane smith     ",NULL
5652,"jane smith     ",NULL
5653,"jane smith     ",NULL
5654,"jane smith     ",NULL
5655,"jane smith     ",NULL
5656,"jane smith     ",NULL
5657,"jane smith     ",NULL
5658,"jane smith     ",NULL
5659,"jane smith     ",NULL
5660,"jane smith     ",NULL
5661,"jane smith     ",NULL
5662,"jane smith     ",NULL
5663,"jane smith     ",NULL
5664,"jane smith     ",NULL
5665,"jane smith     ",NULL
5666,"jane smith     ",NULL
5667,"jane smith     ",NULL
5668,"jane smith     ",NULL
5669,"jane smith     ",NULL
5670,"jane smith     ",NULL
5671,"jane smith     ",NULL
5672,"jane smith     ",NULL
5673,"jane smith     ",NULL
5674,"jane smith     ",NULL
5675,"jane smith     ",NULL
5676,"jane smith     ",NULL
5677,"jane smith     ",NULL
5678,"jane smith     ",NULL
5679,"jane smith     ",NULL
5680,"jane smith     ",NULL
5681,"jane smith     ",NULL
5682,"jane smith     ",NULL
5683,"jane smith     ",NULL
5684,"jane smith     ",NULL
5685,"jane smith     ",NULL
5686,"jane smith     ",NULL
5687,"jane smith     ",NULL
5688,"jane smith     ",NULL
5689,"jane smith     ",NULL
5690,"jane smith     ",NULL
5691,"jane smith     ",NULL
5692,"jane smith     ",NULL
5693,"jane smith     ",NULL
5694,"jane smith     ",NULL
5695,"jane smith     ",NULL
5696,"jane smith     ",NULL
5697,"jane smith     ",NULL
5698,"jane smith     ",NULL
5699,"jane smith     ",NULL
5700,"jane smith     ",NULL
5701,"jane smith     ",NULL
5702,"jane smith     ",NULL
5703,"jane smith     ",NULL
5704,"jane smith     ",NULL
5705,"jane smith     ",NULL
5706,"jane smith     ",NULL
5707,"jane smith     ",NULL
5708,"jane smith     ",NULL
5709,"jane smith     ",NULL
5710,"jane smith     ",NULL
5711,"jane smith     ",NULL
5712,"jane smith     ",NULL
5713,"jane smith     ",NULL
5714,"jane smith     ",NULL
5715,"jane smith     ",NULL
5716,"jane smith     ",NULL
5717,"jane smith     ",NULL
5718,"jane smith     ",NULL
5719,"jane smith     ",NULL
5720,"jane smith     ",NULL
5721,"jane smith     ",NULL
5722,"jane smith     ",NULL
5723,"jane smith     ",NULL
5724,"jane smith     ",NULL
5725,"jane smith     ",NULL
5726,"jane smith     ",NULL
5727,"jane smith     ",NULL
5728,"jane smith     ",NULL
5729,"jane smith     ",NULL
5730,"jane smith     ",NULL
5731,"jane smith     ",NULL
5732,"jane smith     ",NULL
5733,"jane smith     ",NULL
5734,"jane smith     ",NULL
5735,"jane smith     ",NULL
5736,"jane smith     ",NULL
5737,"jane smith     ",NULL
5738,"jane smith     ",NULL
5739,"jane smith     ",NULL
5740,"jane smith     ",NULL
5741,"jane smith     ",NULL
5742,"jane smith     ",NULL
5743,"jane smith     ",NULL
5744,"jane smith     ",NULL
5745,"jane smith     ",NULL
5746,"jane smith     ",NULL
5747,"jane smith     ",NULL
5748,"jane smith     ",NULL
5749,"jane smith     ",NULL
5750,"jane smith     ",NULL
5751,"jane smith     ",NULL
5752,"jane smith     ",NULL
5753,"jane smith     ",NULL
5754,"jane smith     ",NULL
5755,"jane smith     ",NULL
5756,"jane smith     ",NULL
5757,"jane smith     ",NULL
5758,"jane smith     ",NULL
5759,"jane smith     ",NULL
5760,"jane smith     ",NULL
5761,"jane smith     ",NULL
5762,"jane smith     ",NULL
5763,"jane smith     ",NULL
5764,"jane smith     ",NULL
5765,"jane smith     ",NULL
5766,"jane smith     ",NULL
5767,"jane smith     ",NULL
5768,"jane smith     ",NULL
5769,"jane smith     ",NULL
5770,"jane smith     ",NULL
5771,"jane smith     ",NULL
5772,"jane smith     ",NULL
5773,"jane smith     ",NULL
5774,"jane smith     ",NULL
5775,"jane smith     ",NULL
5776,"jane smith     ",NULL
5777,"jane smith     ",NULL
5778,"jane smith     ",NULL
5779,"jane smith     ",NULL
5780,"jane smith     ",NULL
5781,"jane smith     ",NULL
5782,"jane smith     ",NULL
5783,"jane smith     ",NULL
5784,"jane smith     ",NULL
5785,"jane smith     ",NULL
5786,"jane smith     ",NULL
5787,"jane smith     ",NULL
5788,"jane smith     ",NULL
5789,"jane smith     ",NULL
5790,"jane smith     ",NULL
5791,"jane smith     ",NULL
5792,"jane smith     ",NULL
5793,"jane smith     ",NULL
5794,"jane smith     ",NULL
5795,"jane smith     ",NULL
5796,"jane smith     ",NULL
5797,"jane smith     ",NULL
5798,"jane smith     ",NULL
5799,"jane smith     ",NULL
5800,"jane smith     ",NULL
5801,"jane smith     ",NULL
5802,"jane smith     ",NULL
5803,"jane smith     ",NULL
5804,"jane smith     ",NULL
5805,"jane smith     ",NULL
5806,"jane smith     ",NULL
5807,"jane smith     ",NULL
5808,"jane smith     ",NULL
5809,"jane smith     ",NULL
5810,"jane smith     ",NULL
5811,"jane smith     ",NULL
5812,"jane smith     ",NULL
5813,"jane smith     ",NULL
5814,"jane smith     ",NULL
5815,"jane smith     ",NULL
5816,"jane smith     ",NULL
5817,"jane smith     ",NULL
5818,"jane smith     ",NULL
5819,"jane smith     ",NULL
5820,"jane smith     ",NULL
5821,"jane smith     ",NULL
5822,"jane smith     ",NULL
5823,"jane smith     ",NULL
5824,"jane smith     ",NULL
5825,"jane smith     ",NULL
5826,"jane smith     ",NULL
5827,"jane smith     ",NULL
5828,"jane smith     ",NULL
5829,"jane smith     ",NULL
5830,"jane smith     ",NULL
5831,"jane smith     ",NULL
5832,"jane smith     ",NULL
5833,"jane smith     ",NULL
5834,"jane smith     ",NULL
5835,"jane smith     ",NULL
5836,"jane smith     ",NULL
5837,"jane smith     ",NULL
5838,"jane smith     ",NULL
5839,"jane smith     ",NULL
5840,"jane smith     ",NULL
5841,"jane smith     ",NULL
5842,"jane smith     ",NULL
5843,"jane smith     ",NULL
5844,"jane smith     ",NULL
5845,"jane smith     ",NULL
5846,"jane smith     ",NULL
5847,"jane smith     ",NULL
5848,"jane smith     ",NULL
5849,"jane smith     ",NULL
5850,"jane smith     ",NULL
5851,"jane smith     ",NULL
5852,"jane smith     ",NULL
5853,"jane smith     ",NULL
5854,"jane smith     ",NULL
5855,"jane smith     ",NULL
5856,"jane smith     ",NULL
5857,"jane smith     ",NULL
5858,"jane smith     ",NULL
5859,"jane smith     ",NULL
5860,"jane smith     ",NULL
5861,"jane smith     ",NULL
5862,"jane smith     ",NULL
5863,"jane smith     ",NULL
5864,"jane smith     ",NULL
5865,"jane smith     ",NULL
5866,"jane smith     ",NULL
5867,"jane smith     ",NULL
5868,"jane smith     ",NULL
5869,"jane smith     ",NULL
5870,"jane smith     ",NULL
5871,"jane smith     ",NULL
5872,"jane smith     ",NULL
5873,"jane smith     ",NULL
5874,"jane smith     ",NULL
5875,"jane smith     ",NULL
5876,"jane smith     ",NULL
5877,"jane smith     ",NULL
5878,"jane smith     ",NULL
5879,"jane smith     ",NULL
5880,"jane smith     ",NULL
5881,"jane smith     ",NULL
5882,"jane smith     ",NULL
5883,"jane smith     ",NULL
5884,"jane smith     ",NULL
5885,"jane smith     ",NULL
5886,"jane smith     ",NULL
5887,"jane smith     ",NULL
5888,"jane smith     ",NULL
5889,"jane smith     ",NULL
5890,"jane smith     ",NULL
5891,"jane smith     ",NULL
5892,"jane smith     ",NULL
5893,"jane smith     ",NULL
5894,"jane smith     ",NULL
5895,"jane smith     ",NULL
5896,"jane smith     ",NULL
5897,"jane smith     ",NULL
5898,"jane smith     ",NULL
5899,"jane smith     ",NULL
5900,"jane smith     ",NULL
5901,"jane smith     ",NULL
5902,"jane smith     ",NULL
5903,"jane smith     ",NULL
5904,"jane smith     ",NULL
5905,"jane smith     ",NULL
5906,"jane smith     ",NULL
5907,"jane smith     ",NULL
5908,"jane smith     ",NULL
5909,"jane smith     ",NULL
5910,"jane smith     ",NULL
5911,"jane smith     ",NULL
5912,"jane smith     ",NULL
5913,"jane smith     ",NULL
5914,"jane smith     ",NULL
5915,"jane smith     ",NULL
5916,"jane smith     ",NULL
5917,"jane smith     ",NULL
5918,"jane smith     ",NULL
5919,"jane smith     ",NULL
5920,"jane smith     ",NULL
5921,"jane smith     ",NULL
5922,"jane smith     ",NULL
5923,"jane smith     ",NULL
5924,"jane smith     ",NULL
5925,"jane smith     ",NULL
5926,"jane smith     ",NULL
5927,"jane smith     ",NULL
5928,"jane smith     ",NULL
5929,"jane smith     ",NULL
5930,"jane smith     ",NULL
5931,"jane smith     ",NULL
5932,"jane smith     ",NULL
5933,"jane smith     ",NULL
5934,"jane smith     ",NULL
5935,"jane smith     ",NULL
5936,"jane smith     ",NULL
5937,"jane smith     ",NULL
5938,"jane smith     ",NULL
5939,"jane smith     ",NULL
5940,"jane smith     ",NULL
5941,"jane smith     ",NULL
5942,"jane smith     ",NULL
5943,"jane smith     ",NULL
5944,"jane smith     ",NULL
5945,"jane smith     ",NULL
5946,"jane smith     ",NULL
5947,"jane smith     ",NULL
5948,"jane smith     ",NULL
5949,"jane smith     ",NULL
5950,"jane smith     ",NULL
5951,"jane smith     ",NULL
5952,"jane smith     ",NULL
5953,"jane smith     ",NULL
5954,"jane smith     ",NULL
5955,"jane smith     ",NULL
5956,"jane smith     ",NULL
5957,"jane smith     ",NULL
5958,"jane smith     ",NULL
5959,"jane smith     ",NULL
5960,"jane smith     ",NULL
5961,"jane smith     ",NULL
5962,"jane smith     ",NULL
5963,"jane smith     ",NULL
5964,"jane smith     ",NULL
5965,"jane smith     ",NULL
5966,"jane smith     ",NULL
5967,"jane smith     ",NULL
5968,"jane smith     ",NULL
5969,"jane smith     ",NULL
5970,"jane smith     ",NULL
5971,"jane smith     ",NULL
5972,"jane smith     ",NULL
5973,"jane smith     ",NULL
5974,"jane smith     ",NULL
5975,"jane smith     ",NULL
5976,"jane smith     ",NULL
5977,"jane smith     ",NULL
5978,"jane smith     ",NULL
5979,"jane smith     ",NULL
5980,"jane smith     ",NULL
5981,"jane smith     ",NULL
5982,"jane smith     ",NULL
5983,"jane smith     ",NULL
5984,"jane smith     ",NULL
5985,"jane smith     ",NULL
5986,"jane smith     ",NULL
5987,"jane smith     ",NULL
5988,"jane smith     ",NULL
5989,"jane smith     ",NULL
5990,"jane smith     ",NULL
5991,"jane smith     ",NULL
5992,"jane smith     ",NULL
5993,"jane smith     ",NULL
5994,"jane smith     ",NULL
5995,"jane smith     ",NULL
5996,"jane smith     ",NULL
5997,"jane smith     ",NULL
5998,"jane smith     ",NULL
5999,"jane smith     ",NULL
6000,"jane smith     ",NULL
